-- phpMyAdmin SQL Dump
-- version 5.2.1
-- https://www.phpmyadmin.net/
--
-- Host: 127.0.0.1:3307
-- Generation Time: Dec 28, 2024 at 07:46 PM
-- Server version: 10.4.32-MariaDB
-- PHP Version: 8.2.12

SET SQL_MODE = "NO_AUTO_VALUE_ON_ZERO";
START TRANSACTION;
SET time_zone = "+00:00";


/*!40101 SET @OLD_CHARACTER_SET_CLIENT=@@CHARACTER_SET_CLIENT */;
/*!40101 SET @OLD_CHARACTER_SET_RESULTS=@@CHARACTER_SET_RESULTS */;
/*!40101 SET @OLD_COLLATION_CONNECTION=@@COLLATION_CONNECTION */;
/*!40101 SET NAMES utf8mb4 */;

--
-- Database: `noithat`
--

-- --------------------------------------------------------

--
-- Table structure for table `danh_gia`
--

CREATE TABLE `danh_gia` (
  `id` int(11) NOT NULL,
  `product_id` int(11) NOT NULL,
  `rate_name` varchar(255) NOT NULL,
  `rate_email` varchar(255) NOT NULL,
  `rating` int(11) NOT NULL CHECK (`rating` >= 1 and `rating` <= 5),
  `noi_dung` text DEFAULT NULL,
  `created_at` timestamp NOT NULL DEFAULT current_timestamp()
) ENGINE=InnoDB DEFAULT CHARSET=utf8 COLLATE=utf8_unicode_ci;

--
-- Dumping data for table `danh_gia`
--

INSERT INTO `danh_gia` (`id`, `product_id`, `rate_name`, `rate_email`, `rating`, `noi_dung`, `created_at`) VALUES
(1, 26, 'Hồ Quốc Huy', 'Huyhuyhuy1803@gmail.com', 5, 'Chất lượng ok', '2024-12-12 03:10:23'),
(2, 26, 'Hồ Quốc Huy', 'Huyhuyhuy1803@gmail.com', 4, 'Khá hài lòng nha', '2024-12-12 03:10:37'),
(3, 26, 'Nhỏ Hoàng Tử', 'hoangtunhonho18@gmail.com', 5, 'Rất là đẹp nha tôi sẽ giới thiệu với bạn bè nhiều hơn', '2024-12-12 03:12:00'),
(4, 26, 'Nhỏ Hoàng Tử', 'hoangtunhonho18@gmail.com', 5, 'Đẹp', '2024-12-12 03:12:34'),
(5, 26, 'Nhỏ Hoàng Tử', 'hoangtunhonho18@gmail.com', 5, 'Nhìn rất sang trọng', '2024-12-12 03:12:42'),
(6, 26, 'Nhỏ Hoàng Tử', 'hoangtunhonho18@gmail.com', 5, 'sẽ ủng hộ lâu dài', '2024-12-12 03:12:51');

-- --------------------------------------------------------

--
-- Table structure for table `doanh_thu`
--

CREATE TABLE `doanh_thu` (
  `id` int(11) NOT NULL,
  `ngay` date NOT NULL,
  `tong_doanh_thu` decimal(15,2) NOT NULL DEFAULT 0.00,
  `tong_so_don_hang` int(11) NOT NULL DEFAULT 0,
  `tong_so_san_pham` int(11) NOT NULL DEFAULT 0,
  `tong_loi_nhuan` decimal(15,2) NOT NULL DEFAULT 0.00,
  `ghi_chu` varchar(255) DEFAULT NULL,
  `created_at` timestamp NOT NULL DEFAULT current_timestamp(),
  `updated_at` timestamp NOT NULL DEFAULT current_timestamp() ON UPDATE current_timestamp()
) ENGINE=InnoDB DEFAULT CHARSET=utf8 COLLATE=utf8_unicode_ci;

--
-- Dumping data for table `doanh_thu`
--

INSERT INTO `doanh_thu` (`id`, `ngay`, `tong_doanh_thu`, `tong_so_don_hang`, `tong_so_san_pham`, `tong_loi_nhuan`, `ghi_chu`, `created_at`, `updated_at`) VALUES
(55, '2024-11-15', 48953536.00, 3, 3, 28315000.00, NULL, '2024-11-14 19:57:00', '2024-11-14 19:57:00'),
(56, '2024-12-28', 29555252.00, 7, 9, 57268800.00, NULL, '2024-12-28 16:56:00', '2024-12-28 16:56:00');

-- --------------------------------------------------------

--
-- Table structure for table `favorites`
--

CREATE TABLE `favorites` (
  `id` int(11) NOT NULL,
  `user_email` varchar(765) NOT NULL,
  `product_id` int(11) NOT NULL,
  `created_at` timestamp NOT NULL DEFAULT current_timestamp()
) ENGINE=InnoDB DEFAULT CHARSET=utf8 COLLATE=utf8_unicode_ci;

--
-- Dumping data for table `favorites`
--

INSERT INTO `favorites` (`id`, `user_email`, `product_id`, `created_at`) VALUES
(17, 'Huyhuyhuy1803@gmail.com', 35, '2024-11-25 03:42:08'),
(18, 'Huyhuyhuy1803@gmail.com', 24, '2024-11-25 03:42:20');

-- --------------------------------------------------------

--
-- Table structure for table `gio_hang`
--

CREATE TABLE `gio_hang` (
  `id` int(11) NOT NULL,
  `email` varchar(255) NOT NULL,
  `product_id` int(11) NOT NULL,
  `quantity` int(11) NOT NULL DEFAULT 1
) ENGINE=InnoDB DEFAULT CHARSET=utf8 COLLATE=utf8_unicode_ci;

--
-- Dumping data for table `gio_hang`
--

INSERT INTO `gio_hang` (`id`, `email`, `product_id`, `quantity`) VALUES
(20, 'admin@gmail.com', 1, 1),
(21, 'admin@gmail.com', 2, 1);

-- --------------------------------------------------------

--
-- Table structure for table `kich_thuoc`
--

CREATE TABLE `kich_thuoc` (
  `id` int(11) NOT NULL,
  `kich_thuoc` varchar(100) NOT NULL
) ENGINE=InnoDB DEFAULT CHARSET=utf8 COLLATE=utf8_unicode_ci;

--
-- Dumping data for table `kich_thuoc`
--

INSERT INTO `kich_thuoc` (`id`, `kich_thuoc`) VALUES
(1, 'Không rõ'),
(2, '80cm'),
(3, '1m2'),
(4, '1m4'),
(5, '1m6'),
(6, '1m9'),
(7, '2m1');

-- --------------------------------------------------------

--
-- Table structure for table `loai_phong`
--

CREATE TABLE `loai_phong` (
  `id` int(11) NOT NULL,
  `tenPhong` varchar(255) NOT NULL,
  `mo_ta_phong` text DEFAULT NULL
) ENGINE=InnoDB DEFAULT CHARSET=utf8 COLLATE=utf8_unicode_ci;

--
-- Dumping data for table `loai_phong`
--

INSERT INTO `loai_phong` (`id`, `tenPhong`, `mo_ta_phong`) VALUES
(1, 'Phòng khách', '<p class=\"ql-align-justify\"><span style=\"color: black;\">Ngày này, hầu hết mọi gia đình đều rất đầu tư vào nội thất nhà ở, đặc biệt là&nbsp;</span><a href=\"https://moho.com.vn/collections/phong-khach\" rel=\"noopener noreferrer\" target=\"_blank\" style=\"color: rgb(17, 85, 204);\"><strong>nội thất phòng khách</strong></a><span style=\"color: black;\">. Tuy nhiên, mỗi ngôi nhà sẽ có những cách bố trí, thiết kế và thi công nội thất khác nhau. Vậy, làm sao để thiết kế nội thất phòng khách hiện đại, phù hợp nhất với căn nhà của mình? Hãy cùng&nbsp;</span><a href=\"https://moho.com.vn/\" rel=\"noopener noreferrer\" target=\"_blank\" style=\"color: rgb(17, 85, 204);\"><strong>nội thất </strong></a>Tinie<strong>&nbsp;</strong><span style=\"color: black;\">tìm hiểu nhé!</span></p><h2 class=\"ql-align-justify\"><strong>Gợi ý các thiết kế nội thất phòng khách đẹp tại Tinie</strong></h2><p class=\"ql-align-justify\"><span style=\"color: black;\">Chung cư là một loại hình nhà ở rất phổ biến tại Việt Nam hiện nay. Vì vậy, nhu cầu tìm kiếm những mẫu nội thất phòng khách đẹp ngày càng được các gia đình quan tâm. Dưới đây là những mẫu thiết kế sang trọng, hiện đại của nội thất Tinie.&nbsp;</span></p><p class=\"ql-align-justify\"><strong>Các mẫu phòng khách mang phong khách hiện đại&nbsp;</strong></p><p class=\"ql-align-justify\"><span style=\"color: black;\">Phong cách hiện đại ra đời vào những năm đầu của thế kỷ 20 và cho đến nay vẫn luôn giữ vững vị trí dẫn đầu dù nhiều thập kỷ đã trôi qua. Vì vậy, không phải ngẫu nhiên mà phòng khách với thiết kế hiện đại vẫn luôn được các gia chủ ưu tiên lựa chọn.&nbsp;</span></p><p class=\"ql-align-justify\"><span style=\"color: black;\">Với những đường nét tự nhiên, tinh tế cùng việc sử dụng những gam màu trung tính như&nbsp;trắng, xám, đen hoặc những màu pastel dịu nhẹ, phong cách hiện đại tạo nên một không gian sống thoáng mát, sang trọng nhưng không kém phần ấm cúng. Có thể nói, đây là một sự lựa chọn hoàn hảo cho những gia đình yêu thích sự nhẹ nhàng, đơn giản nhưng vẫn đảm bảo tính sang trọng và tiện nghi.</span></p><p class=\"ql-align-center\"><img src=\"https://file.hstatic.net/200000065946/file/phong-khach-hien-dai-mang-tong-xam-nhe-nhang_0153cd806e924f5b80dcb72dbbbf0e44_1024x1024.jpg\" alt=\"Phòng khách hiện đại mang tông xám nhẹ nhàng\"></p><p class=\"ql-align-center\"><em style=\"color: black;\">Phòng khách hiện đại mang tông xám nhẹ nhàng</em></p><p class=\"ql-align-center\"><img src=\"https://file.hstatic.net/200000065946/file/ke-tivi-hien-dai-va-tinh-te_8e9d8c34bc024cec84693860fa4c5281_1024x1024.jpg\" alt=\"Kệ tivi hiện đại và tinh tế\"></p><p class=\"ql-align-center\"><em style=\"color: black;\">Kệ tivi hiện đại và tinh tế</em></p><p class=\"ql-align-center\"><img src=\"https://file.hstatic.net/200000065946/file/ke-sach-phong-khach-bang-go-hien-dai_76900915aff54cf5b27e774d143eac97_1024x1024.jpg\" alt=\"Kệ sách phòng khách bằng gỗ hiện đại\"></p><p class=\"ql-align-center\"><em style=\"color: black;\">Kệ sách phòng khách bằng gỗ hiện đại</em></p><p class=\"ql-align-center\"><img src=\"https://file.hstatic.net/200000065946/file/ban-tra-sofa-thanh-lich_974e91d216ad439e91523974369d4569_1024x1024.jpg\" alt=\"Bàn trà sofa thanh lịch\"></p><p class=\"ql-align-center\"><a href=\"https://moho.com.vn/collections/ban-sofa-ban-cafe-ban-tra\" rel=\"noopener noreferrer\" target=\"_blank\" style=\"color: rgb(17, 85, 204);\"><strong><em>Bàn trà</em></strong></a><em style=\"color: black;\">&nbsp;sofa thanh lịch</em></p><p class=\"ql-align-center\"><img src=\"https://file.hstatic.net/200000065946/file/tu-giay-tien-dung-va-trang-nha_4f495a12a919428282076d6ea6855c77_1024x1024.jpg\" alt=\"Tủ giày tiện dụng và trang nhã\"></p><p class=\"ql-align-center\"><a href=\"https://moho.com.vn/collections/tu-giay-tu-trang-tri\" rel=\"noopener noreferrer\" target=\"_blank\" style=\"color: rgb(17, 85, 204);\"><strong><em>Tủ giày</em></strong></a><em style=\"color: black;\">&nbsp;tiện dụng và trang nhã</em></p><p class=\"ql-align-justify\"><strong>Mẫu phòng khách chung cư mang phong cách tối giản</strong></p><p class=\"ql-align-justify\"><span style=\"color: rgb(73, 80, 87);\">Với nhịp sống bận rộn và áp lực, mọi người ngày càng hướng đến lối sống tối giản để cân bằng lại cuộc sống. Điều này cũng được thể hiện trong xu hướng thiết kế nội thất, đặc biệt là trong thiết kế phòng khách chung cư. Các mẫu bàn nội thất đẹp từ gỗ công nghiệp được rất nhiều gia đình yêu thích.&nbsp;</span></p><p class=\"ql-align-justify\">Phong cách tối giản ngày càng được ưa chuộng vì giúp loại bỏ mọi chi tiết rườm rà, không cần thiết. Thay vào đó, thiết kế tập trung vào yếu tố công năng để mang lại sự thoải mái và dễ chịu nhất. Các gam màu thường được sử dụng trong phong cách tối giản là những gam màu nhẹ nhàng, tạo cảm giác thư thái và yên bình như trắng, be, kem,...</p><p class=\"ql-align-center\"><img src=\"https://file.hstatic.net/200000065946/file/mau-sofa-dep-voi-mau-sac-nhe-nhang_ccc3ff409072476b9e0878a21d471028_1024x1024.jpg\" alt=\"Mẫu sofa đẹp với màu sắc nhẹ nhàng\"></p><p class=\"ql-align-center\"><em style=\"color: rgb(73, 80, 87);\">Mẫu sofa đẹp với màu sắc nhẹ nhàng&nbsp;</em></p><p class=\"ql-align-center\"><img src=\"https://file.hstatic.net/200000065946/file/ke-tivi-go-tu-nhien-mang-phong-cach-toi-gian_ab32e60594eb4fb6b450c330907e988d_1024x1024.jpg\" alt=\"Kệ tivi gỗ tự nhiên mang phong cách tối giản\"></p><p class=\"ql-align-center\"><a href=\"https://moho.com.vn/collections/tu-ke-tivi\" rel=\"noopener noreferrer\" target=\"_blank\" style=\"color: rgb(17, 85, 204);\"><strong><em>Kệ tivi&nbsp;</em></strong></a><em style=\"color: rgb(73, 80, 87);\">gỗ tự nhiên mang phong cách tối giản</em></p><p class=\"ql-align-center\"><img src=\"https://file.hstatic.net/200000065946/file/ban-sofa-dep-voi-mau-sac-don-gian_0a0a6d4be15342f682acdc6d1d832c3e_1024x1024.jpg\" alt=\"Bàn sofa đẹp với màu trắng đơn giản\"></p><p class=\"ql-align-center\"><em style=\"color: rgb(73, 80, 87);\">Bàn sofa đẹp với màu trắng đơn giản</em></p><p class=\"ql-align-center\"><img src=\"https://file.hstatic.net/200000065946/file/tu-giay-bang-go-duoc-ua-chuong_7f235b41aa39492ebf1b36f71f79c6a9_1024x1024.jpg\" alt=\"Tủ giày bằng gỗ được ưa chuộng\"></p><p class=\"ql-align-center\"><em style=\"color: rgb(73, 80, 87);\">Tủ giày bằng gỗ được ưa chuộng</em></p><p class=\"ql-align-justify\"><strong>Top các mẫu phòng khách phong cách tân cổ điển</strong></p><p class=\"ql-align-justify\"><span style=\"color: rgb(73, 80, 87);\">Tân cổ điển là sự hòa quyện tuyệt vời giữa những giá trị tinh túy của phong cách cổ điển cùng nét đẹp thời thượng của xu hướng hiện đại. Nội thất phòng khách tân cổ điển gây ấn tượng mạnh với không gian sang trọng, màu sắc quý phái và họa tiết cầu kỳ.&nbsp;</span></p><p class=\"ql-align-justify\"><span style=\"color: rgb(73, 80, 87);\">Màu sắc sử dụng trong những thiết kế này cũng rất đặc biệt. Các tông màu trung tính như trắng, kem, be được ưa chuộng vì tạo nên sự nền nã và nhẹ nhàng. Chúng kết hợp hài hòa với những gam màu trầm ấm như nâu, đen, đỏ đô,... mang lại nét cổ điển và chiều sâu cho không gian.</span></p><p class=\"ql-align-center\"><img src=\"https://file.hstatic.net/200000065946/file/phong-khach-ket-hop-giua-net-hien-dai-va-truyen-thong_792fa034e012492dab44d50ed6035cb9_1024x1024.jpg\" alt=\"Phòng khách kết hợp giữa nét hiện đại và truyền thống\"></p><p class=\"ql-align-center\"><em style=\"color: rgb(73, 80, 87);\">Phòng khách kết hợp giữa nét hiện đại và truyền thống</em></p><p class=\"ql-align-center\"><img src=\"https://file.hstatic.net/200000065946/file/ke-tivi-dep-va-trang-nha_f95097c0fef242608b4f415849ed24c0_1024x1024.jpg\" alt=\"Kệ tivi đẹp và trang nhã\"></p><p class=\"ql-align-center\"><em style=\"color: rgb(73, 80, 87);\">Kệ tivi đẹp và trang nhã</em></p><p class=\"ql-align-center\"><img src=\"https://file.hstatic.net/200000065946/file/tu-giay-mang-dam-chat-tan-co-dien_42910c4edb8445cd8f994c31c3ce8a38_1024x1024.jpg\" alt=\"Tủ giày mang đậm chất tân cổ điển\"></p><p class=\"ql-align-center\"><em style=\"color: rgb(73, 80, 87);\">Tủ giày mang đậm chất tân cổ điển</em></p><p class=\"ql-align-center\"><img src=\"https://file.hstatic.net/200000065946/file/ban-tra-thong-minh-mang-phong-cach-vintage_b1cb4b8a155b48379f03811afc874340_1024x1024.jpg\" alt=\"Bàn trà thông minh mang phong cách vintage\"></p><p class=\"ql-align-center\"><em style=\"color: rgb(73, 80, 87);\">Bàn trà thông minh mang phong cách vintage</em></p><p class=\"ql-align-justify\"><strong>Gợi ý các thiết kế phòng khách mang phong cách Bắc Âu</strong></p><p class=\"ql-align-justify\"><span style=\"color: rgb(73, 80, 87);\">Trong những năm gần đây, phong cách thiết kế nội thất Bắc Âu đang dần trở thành xu hướng được ưa chuộng tại Việt Nam. Với nguồn gốc từ các nước Bắc Âu như Na Uy, Đan Mạch, Thụy Điển, phong cách này thu hút sự chú ý của nhiều gia đình nhờ vào sự tinh tế, tối giản và gần gũi với thiên nhiên.&nbsp;</span>s</p><p class=\"ql-align-justify\"><span style=\"color: rgb(73, 80, 87);\">Gỗ là vật liệu được ưa chuộng trong phong cách Bắc Âu vì sự ấm áp và thân thiện với môi trường. Cây xanh và các vật liệu lấy cảm hứng từ tự nhiên như đá, mây tre đan được sử dụng nhiều trong những thiết kế này. Các gam màu nhẹ nhàng như trắng, be, xám, xanh nhạt là những màu sắc chủ đạo, tạo nên không gian sáng sủa, thoáng mát và rộng rãi.&nbsp;</span></p><p class=\"ql-align-center\"><img src=\"https://file.hstatic.net/200000065946/file/noi-that-phong-cach-bac-au_6618b58818084f3389b9627c5f1bc727_1024x1024.jpg\" alt=\"Nội thất phong cách Bắc Âu\"></p><p class=\"ql-align-center\"><em style=\"color: rgb(73, 80, 87);\">Nội thất phong cách Bắc Âu&nbsp;</em></p><p class=\"ql-align-center\"><img src=\"https://file.hstatic.net/200000065946/file/sofa-go-dam-chat-bac-au-thanh-lich_3ed299b796b84d5689dade476416bd2a_1024x1024.jpg\" alt=\"Sofa gỗ đậm chất Bắc Âu thanh lịch\"></p><p class=\"ql-align-center\"><a href=\"https://moho.com.vn/collections/ghe-sofa\" rel=\"noopener noreferrer\" target=\"_blank\" style=\"color: rgb(17, 85, 204);\"><strong><em>Sofa gỗ</em></strong></a><em style=\"color: rgb(73, 80, 87);\">&nbsp;đậm chất Bắc Âu thanh lịch</em></p><p class=\"ql-align-center\"><img src=\"https://file.hstatic.net/200000065946/file/ke-tivi-go-than-thien-voi-moi-truong_3761e6d0ff4943f0b5331181cd2bd23b_1024x1024.jpg\" alt=\"Kệ tivi gỗ thân thiện với môi trường\"></p><p class=\"ql-align-center\"><em style=\"color: rgb(73, 80, 87);\">Kệ tivi gỗ thân thiện với môi trường</em></p><p class=\"ql-align-center\"><img src=\"https://file.hstatic.net/200000065946/file/ban-sofa-voi-loi-thiet-ke-an-tuong_17d8f526a4dd4a5aa4e35eebbddb5f98_1024x1024.jpg\" alt=\"Bàn sofa với lối thiết kế ấn tượng\"></p><p class=\"ql-align-center\"><em style=\"color: rgb(73, 80, 87);\">Bàn sofa với lối thiết kế ấn tượng</em></p><p class=\"ql-align-justify\"><strong>Mẫu thiết kế phòng khách phong cách&nbsp;sang trọng</strong></p><p class=\"ql-align-justify\"><span style=\"color: rgb(73, 80, 87);\">Thiết kế nội thất phòng khách với phong cách sang trọng, đẳng cấp đang là xu hướng được ưa chuộng trong những năm gần đây. Với lối thiết kế này, sự xa hoa, quý phái và tinh tế được thể hiện qua từng đường nét, chi tiết trong không gian phòng khách.</span></p><p class=\"ql-align-justify\"><span style=\"color: rgb(73, 80, 87);\">Các chất liệu cao cấp như gỗ tự nhiên, đá tự nhiên, kim loại mạ vàng không thể không được nhắc đến trong phong cách này. Các tông màu trung tính như trắng, be, xám thường được sử dụng kết hợp với các màu sắc ấn tượng như vàng, đỏ, đen, tạo nên sự sang trọng, trang nhã.</span></p><p class=\"ql-align-center\"><img src=\"https://file.hstatic.net/200000065946/file/sofa-goc-chu-l-dep_d858dc94c44c42b4a1ee508df1211ec7_1024x1024.jpg\" alt=\"Sofa góc chữ L đẹp\"></p><p class=\"ql-align-center\"><em style=\"color: rgb(73, 80, 87);\">Sofa góc chữ L đẹp&nbsp;</em></p><p class=\"ql-align-center\"><img src=\"https://file.hstatic.net/200000065946/file/tu-ke-tivi-bang-go-tu-nhien-cao-cap_953121e1873646b0a041a3734eac1879_1024x1024.jpg\" alt=\"Tủ kệ tivi bằng gỗ tự nhiên cao cấp\"></p><p class=\"ql-align-center\"><em style=\"color: rgb(73, 80, 87);\">Tủ kệ tivi bằng gỗ tự nhiên cao cấp</em></p><p class=\"ql-align-center\"><img src=\"https://file.hstatic.net/200000065946/file/ban-sofa-go-khang-dinh-su-quy-phai_bd6ede97efda44108f55b98a34e4cc2c_1024x1024.jpg\" alt=\"Bàn sofa gỗ khẳng định sự quý phái\"></p><p class=\"ql-align-center\"><em style=\"color: rgb(73, 80, 87);\">Bàn sofa gỗ khẳng định sự quý phái</em></p><p class=\"ql-align-center\"><img src=\"https://file.hstatic.net/200000065946/file/tu-dung-giay-mang-net-dep-thanh-lich_adcb675330d74c0683abd72c36603ba0_1024x1024.jpg\" alt=\"Tủ đựng giày mang nét đẹp thanh lịch\"></p><p class=\"ql-align-center\"><em style=\"color: rgb(73, 80, 87);\">Tủ đựng giày mang nét đẹp thanh lịch</em></p><p><em style=\"color: rgb(73, 80, 87);\">Xem thêm:&nbsp;</em><a href=\"https://moho.com.vn/collections/phong-ngu\" rel=\"noopener noreferrer\" target=\"_blank\" style=\"color: rgb(17, 85, 204);\"><strong>Combo nội thất phòng ngủ đẹp</strong></a></p><h2 class=\"ql-align-justify\"><strong>Lưu ý khi thiết kế&nbsp;phòng khách nội thất rẻ đẹp, diện tích nhỏ</strong></h2><h2 class=\"ql-align-justify\">Đối với phòng khách có diện tích hạn chế, việc thiết kế nội thất đòi hỏi sự khéo léo, sáng tạo để có thể vừa tận dụng hết không gian vừa mang lại sự thoải mái và thẩm mỹ.&nbsp;Nội thất Tinie sẽ gợi ý cho bạn một số thông tin hữu ích để bạn có thêm cảm hứng mới trong việc trang trí căn phòng khách nhỏ xinh nhé!&nbsp;</h2><ul><li class=\"ql-align-justify\"><strong style=\"color: black;\">Vị trí của cửa ra vào:&nbsp;</strong><span style=\"color: black;\">Nên chọn vị trí sao cho cửa hướng ra phòng rộng hơn để tạo cảm giác mở và&nbsp;giúp phòng khách nhà bạn trông thông thoáng, rộng rãi hơn.</span></li><li class=\"ql-align-justify\"><strong style=\"color: black;\">Vị trí đặt cây cảnh:&nbsp;</strong><span style=\"color: black;\">Với một không gian có diện tích có hạn, bạn nên chọn các loại cây có kích thước nhỏ đề phù hợp với căn phòng. Đặt cây ở góc phòng hoặc gần cửa giúp tạo điểm nhất và mang lại cảm giác gần gũi với thiên nhiên.&nbsp;</span></li><li class=\"ql-align-justify\"><strong style=\"color: black;\">Lựa chọn nội thất decor:&nbsp;</strong><span style=\"color: black;\">Nên chọn những món đồ decor nhỏ gọn nhưng vẫn mang tính thẩm mỹ và sự hài hòa. Có thể sử dụng thêm gương, tranh treo tường,... để làm điểm nhất và tạo độ sâu cho căn phòng.&nbsp;</span></li></ul><h2 class=\"ql-align-justify\"><strong>Tại sao nên chọn Nội Thất Tinie để thiết kế phòng khách cho gia đình bạn&nbsp;</strong></h2><p class=\"ql-align-justify\"><span style=\"color: black;\">Nếu bạn đang có nhu cầu tìm một đơn vị uy tín để thiết kế phòng khách cho gia đình thì Nội thất Tinie sẽ là một sự lựa chọn lý tưởng. Với hơn 40 năm kinh nghiệm, công ty sẽ mang đến cho khách hàng những sản phẩm chất lượng nhất, giá cả hợp lý và an toàn cho sức khỏe. Dưới đây là một số lý do mà bạn nên chọn Nội thất MOHO để thiết kế nội thất phòng khách giá rẻ cho căn nhà của mình:&nbsp;</span></p><ul><li class=\"ql-align-justify\"><span style=\"color: black;\">Nội thất được sản xuất từ gỗ tuyển chọn, thân thiện với môi trường, đạt chuẩn quốc tế, có&nbsp;</span><a href=\"https://vi.wikipedia.org/wiki/Forest_Stewardship_Council#:~:text=Ch%E1%BB%A9ng%20nh%E1%BA%ADn%20b%E1%BA%A3o%20v%E1%BB%87%20r%E1%BB%ABng,v%C3%A0%20ng%C6%B0%E1%BB%9Di%20d%C3%A2n%20%C4%91%E1%BB%8Ba%20ph%C6%B0%C6%A1ng).\" rel=\"noopener noreferrer\" target=\"_blank\" style=\"color: rgb(17, 85, 204);\"><strong>chứng nhận chứng nhận FSC</strong></a><span style=\"color: black;\">&nbsp;và chứng nhận CARB-P2.&nbsp;&nbsp;</span></li><li class=\"ql-align-justify\"><span style=\"color: black;\">Đội ngũ điều hành của Tinie là những chuyên gia người Hàn Quốc đầy kinh nghiệm.</span></li><li class=\"ql-align-justify\"><span style=\"color: black;\">Có các chương trình đổi điểm cho khách hàng cũ, cho phép đổi điểm tích lũy để đổi lấy voucher mua hàng.</span></li><li class=\"ql-align-justify\"><span style=\"color: black;\">Tinie thường có nhiều đợt&nbsp;</span><a href=\"https://moho.com.vn/collections/uu-dai\" rel=\"noopener noreferrer\" target=\"_blank\" style=\"color: rgb(17, 85, 204);\"><strong>khuyến mãi</strong></a><span style=\"color: black;\">&nbsp;khác nhau trong năm nhằm giúp khách hàng tiết kiệm chi phí.</span></li><li class=\"ql-align-justify\"><span style=\"color: black;\">Tinie cũng cung cấp&nbsp;</span><a href=\"https://moho.com.vn/pages/chinh-sach-bao-hanh\" rel=\"noopener noreferrer\" target=\"_blank\" style=\"color: rgb(17, 85, 204);\"><strong>chính sách bảo hành</strong></a><span style=\"color: black;\">&nbsp;2 năm, miễn phí&nbsp;đổi trả 1-1 cùng với dịch vụ giao hàng và lắp đặt miễn phí.</span></li></ul><p class=\"ql-align-center\"><img src=\"https://file.hstatic.net/200000065946/file/ai-sao-nen-chon-noi-that-moho-de-thiet-ke-phong-khach-cho-gia-dinh-ban_9e3060db757c489296af3c6ca171cc56_1024x1024.jpg\" alt=\"Tại sao nên chọn Nội thất MOHO để thiết kế phòng khách cho gia đình bạn\"></p><p class=\"ql-align-center\"><em style=\"color: black;\">Tại sao nên chọn Nội thất Tinie để thiết kế phòng khách cho gia đình bạn&nbsp;</em></p><p class=\"ql-align-justify\"><span style=\"color: black;\">Trên đây là tổng hợp của Tinie về các phong cách&nbsp;</span><strong style=\"color: black;\">nội thất phòng ngủ</strong><span style=\"color: black;\">&nbsp;phổ biến hiện nay. Hãy ghé thăm showroom hoặc website của Nội thất Tinie nếu bạn cần thiết kế một không gian</span><strong style=\"color: black;\">&nbsp;</strong><span style=\"color: black;\">hiện đại, đầy đủ tiện nghi với giá cả phải chăng nhé, nhiều ưu đãi hấp dẫn đang đón chờ bạn.</span></p>'),
(2, 'Phòng ngủ', '<p class=\"ql-align-justify\"><span style=\"color: black;\">Việc thiết kế&nbsp;</span><a href=\"https://moho.com.vn/collections/phong-ngu\" rel=\"noopener noreferrer\" target=\"_blank\" style=\"color: rgb(51, 122, 183);\"><strong>nội thất phòng ngủ</strong></a><span style=\"color: black;\">&nbsp;đóng vai trò rất quan trọng trong việc tạo nên sự thoải mái cho các thành viên trong gia đình. Đây là nơi mà chúng ta dành nhiều thời gian để nghỉ ngơi và tái tạo năng lượng, cải thiện chất lượng giấc ngủ. Trong bài này,&nbsp;</span><a href=\"https://moho.com.vn/\" rel=\"noopener noreferrer\" target=\"_blank\" style=\"color: rgb(17, 85, 204);\"><strong>Nội thất </strong></a><strong>Tinie</strong><span style=\"color: black;\">&nbsp;sẽ gợi ý cho bạn một vài mẫu combo sản phẩm cho phòng ngủ, đảm bảo có được một không gian thoải mái.&nbsp;</span></p><h2 class=\"ql-align-justify\"><strong>Có cần thiết phải trang bị bộ nội thất phòng ngủ</strong></h2><p class=\"ql-align-justify\"><span style=\"color: black;\">Phòng ngủ chắc hẳn là nơi mà chúng ta dành nhiều thời gian nhất khi ở nhà. Phòng ngủ dùng để nghỉ ngơi, tác động đến sức khỏe thể chất và tinh thần của bạn. Dưới đây là những lý do cho thấy việc đầu tư một mẫu phòng ngủ đẹp là điều không hề lãng phí.&nbsp;</span></p><h3 class=\"ql-align-justify\"><strong style=\"color: rgb(67, 67, 67);\">Mang lại sự tiện nghi</strong></h3><p class=\"ql-align-justify\"><span style=\"color: black;\">Phòng ngủ được trang bị nội thất chỉn chu sẽ đem lại sự tiện lợi cho người sử dụng. Giường ngủ, tủ quần áo, đèn trang trí, bàn làm việc được thiết kế tối ưu sẽ tạo ra một môi trường thoải mái để nghỉ ngơi.</span></p><h3 class=\"ql-align-justify\"><strong style=\"color: rgb(67, 67, 67);\">Tạo sự thoải mái và đảm bảo chất lượng giấc ngủ</strong></h3><p class=\"ql-align-justify\"><span style=\"color: black;\">Nội thất dành cho phòng ngủ được thiết kế phù hợp với sở thích và phong cách của chủ nhân. Đây là không gian riêng tư, thoải mái và yên bình, giúp cải thiện chất lượng giấc ngủ và tăng cường sức khỏe. Bên cạnh đó, phòng ngủ giúp bạn thư giãn và “refresh” tinh thần, giúp giảm căng thẳng mệt mỏi sau một ngày dài học tập, làm việc.</span></p><p class=\"ql-align-center\"><img src=\"https://file.hstatic.net/200000065946/file/noi-that-chung-cu-2-phong-ngu-dam-bao-chat-luong-giac-ngu_e7965d7554de47868a45a896aad61ecf_1024x1024.jpg\" alt=\"Nội thất chung cư 2 phòng ngủ đảm bảo chất lượng giấc ngủ\"></p><p class=\"ql-align-center\"><em style=\"color: black;\">Nội thất chung cư 2 phòng ngủ đảm bảo chất lượng giấc ngủ</em></p><h3 class=\"ql-align-justify\"><strong style=\"color: rgb(67, 67, 67);\">Tối ưu hóa diện tích phòng</strong></h3><p class=\"ql-align-justify\"><span style=\"color: black;\">Những sản phẩm nội thất cho phòng ngủ thường được thiết kế tối ưu hóa chức năng lưu trữ. Các giải pháp thông minh như hệ module sẽ giúp giữ cho phòng ngủ luôn gọn gàng và thông thoáng.</span></p><h3 class=\"ql-align-justify\"><strong style=\"color: rgb(67, 67, 67);\">Tạo phong cách sống riêng</strong></h3><p class=\"ql-align-justify\"><span style=\"color: black;\">Thiết kế phòng ngủ đẹp sang trọng và hợp gu sẽ thể hiện gu thẩm mỹ của chủ nhà. Hiện nay, có rất nhiều phong cách thiết kế khác nhau, bạn có thể lựa chọn sản phẩm phù hợp.&nbsp;</span></p><p class=\"ql-align-center\"><img src=\"https://file.hstatic.net/200000065946/file/phong-cach-thiet-ke-phong-ngu-nho-dep_d288b52d7b2a41a48ab7effac5a6ef4b_1024x1024.jpg\" alt=\"Phong cách thiết kế phòng ngủ nhỏ đẹp\"></p><p class=\"ql-align-center\"><em style=\"color: black;\">Phong cách thiết kế phòng ngủ nhỏ đẹp</em></p><h2 class=\"ql-align-justify\"><strong>Các mẫu nội thất phòng ngủ ấn tượng tại Tinie năm 2024&nbsp;</strong></h2><p class=\"ql-align-justify\"><span style=\"color: black;\">Để phòng ngủ được tiện nghi và gọn gàng thì chúng cần trang những loại nội thất nào? Sau đây, Tinie sẽ giới thiệu đến bạn những sản phẩm cần thiết cho không gian, đảm bảo đáp ứng nhu cầu sử dụng.</span></p><h3 class=\"ql-align-justify\"><a href=\"https://moho.com.vn/collections/giuong-ngu\" rel=\"noopener noreferrer\" target=\"_blank\" style=\"color: rgb(17, 85, 204);\"><strong>Giường ngủ</strong></a></h3><p class=\"ql-align-justify\"><span style=\"color: black;\">Giường là một phần quan trọng không thể thiếu trong phòng ngủ. Hãy chọn một chiếc giường chất lượng, phù hợp với kích thước và sở thích cá nhân gia chủ. Có nhiều loại sản phẩm bằng gỗ, kim loại hoặc giả da để bạn lựa chọn. Tuy nhiên, theo phong thủy thì giường gỗ luôn là ưu tiên hàng đầu, đem lại giấc ngủ chất lượng.</span></p><p class=\"ql-align-center\"><img src=\"https://file.hstatic.net/200000065946/file/giuong-ngu-vline-net-dep-truyen-thong_7e41fd939baa4421b9d43b5153a274b0_1024x1024.jpg\" alt=\"Giường ngủ VLINE nét đẹp truyền thống\"></p><p class=\"ql-align-center\"><em style=\"color: black;\">Giường ngủ VLINE nét đẹp truyền thống</em></p><p class=\"ql-align-center\"><img src=\"https://file.hstatic.net/200000065946/file/giuong-go-chac-chan_8a5db33f3c2842b2ae740454d5de5d23_1024x1024.jpg\" alt=\"Giường gỗ chắc chắn\"></p><p class=\"ql-align-center\"><em style=\"color: black;\">Giường gỗ chắc chắn</em></p><p class=\"ql-align-center\"><img src=\"https://file.hstatic.net/200000065946/file/giuong-go-tu-nhien-nhieu-kich-thuoc_b9a453f0cef445acbb720f7555baea72_1024x1024.jpg\" alt=\"Giường gỗ tự nhiên nhiều kích thước\"></p><p class=\"ql-align-center\"><em style=\"color: black;\">Giường gỗ tự nhiên nhiều kích thước</em></p><h3 class=\"ql-align-justify\"><a href=\"https://moho.com.vn/collections/tu-quan-ao\" rel=\"noopener noreferrer\" target=\"_blank\" style=\"color: rgb(17, 85, 204);\"><strong>Tủ quần áo</strong></a></h3><p class=\"ql-align-justify\"><span style=\"color: black;\">Tủ quần áo giúp bạn sắp xếp đồ dùng cá nhân một cách gọn gàng. Hãy chọn sản phẩm có nhiều kệ ngăn vừa có thanh treo để tối đa việc lưu trữ. Tuy nhiên cần lưu ý đến kích thước của tủ để bố trí phù hợp với diện tích phòng bạn nhé.&nbsp;</span></p><p class=\"ql-align-center\"><img src=\"https://file.hstatic.net/200000065946/file/set-tu-quan-ao-4-canh-chac-chan_4c702138783246d6b5762ebd2cd0378d_1024x1024.jpg\" alt=\"Set tủ quần áo 4 cánh chắc chắn\"></p><p class=\"ql-align-center\"><em style=\"color: black;\">Set tủ quần áo 4 cánh chắc chắn</em></p><p class=\"ql-align-center\"><img src=\"https://file.hstatic.net/200000065946/file/tu-do-mang-net-dep-viet-nam_eb9039152d9b450393c8157ae263b4ba_1024x1024.jpg\" alt=\"Tủ đồ mang nét đẹp Việt Nam\"></p><p class=\"ql-align-center\"><em style=\"color: black;\">Tủ đồ mang nét đẹp Việt Nam</em></p><p class=\"ql-align-center\"><img src=\"https://file.hstatic.net/200000065946/file/tu-de-quan-ao-vline-hien-dai_0ef1b4f75d654ca999a67e2b460ef6f7_1024x1024.jpg\" alt=\"Tủ để quần áo VLINE hiện đại\"></p><p class=\"ql-align-center\"><em style=\"color: black;\">Tủ để quần áo VLINE hiện đại</em></p><p class=\"ql-align-center\"><img src=\"https://file.hstatic.net/200000065946/file/tu-go-fiji-ket-hop-may-dan-mat-cao_d8d60bebd8544072ae118088bbe8251b_1024x1024.jpg\" alt=\"Tủ gỗ FIJI kết hợp mây đan mắt cáo\"></p><p class=\"ql-align-center\"><em style=\"color: black;\">Tủ gỗ FIJI kết hợp mây đan mắt cáo</em></p><h3 class=\"ql-align-justify\"><a href=\"https://moho.com.vn/collections/ban-lam-viec\" rel=\"noopener noreferrer\" target=\"_blank\" style=\"color: rgb(17, 85, 204);\"><strong>Bàn trang điểm hoặc bàn làm việc</strong></a></h3><p class=\"ql-align-justify\"><span style=\"color: black;\">Một chiếc bàn là điều không thể thiếu cho phòng ngủ, nhất là phòng ngủ của phái đẹp. Bạn có thể sử dụng bàn trang điểm chuyên dụng hoặc một chiếc bàn làm việc đơn giản, giúp linh hoạt sắp xếp các vật phẩm cá nhân, làm việc hoặc đọc sách.&nbsp;</span></p><p class=\"ql-align-center\"><img src=\"https://file.hstatic.net/200000065946/file/ban-trang-diem-vienna-hien-dai_acb4ac5a5443448ebbd2e059290ca734_1024x1024.jpg\" alt=\"Bàn trang điểm VIENNA hiện đại\"></p><p class=\"ql-align-center\"><em style=\"color: black;\">Bàn trang điểm&nbsp;VIENNA hiện đại</em></p><p class=\"ql-align-center\"><img src=\"https://file.hstatic.net/200000065946/file/ban-lam-viec-go-an-toan-cho-suc-khoe_8720b7a2146042a0b7905a2f412892ee_1024x1024.jpg\" alt=\"Bàn làm việc gỗ an toàn cho sức khỏe\"></p><p class=\"ql-align-center\"><em style=\"color: black;\">Bàn làm việc gỗ an toàn cho sức khỏe</em></p><p class=\"ql-align-center\"><img src=\"https://file.hstatic.net/200000065946/file/ban-lam-viec-fyn-van-go-tinh-te_5caee341291a46d88431883b9d38e637_1024x1024.jpg\" alt=\"Bàn làm việc FYN vân gỗ tinh tế\"></p><p class=\"ql-align-center\"><em style=\"color: black;\">Bàn làm việc FYN vân gỗ tinh tế</em></p><h3 class=\"ql-align-justify\"><a href=\"https://moho.com.vn/collections/tu-dau-giuong\" rel=\"noopener noreferrer\" target=\"_blank\" style=\"color: rgb(17, 85, 204);\"><strong>Kệ hoặc tủ đầu giường</strong></a></h3><p class=\"ql-align-justify\"><span style=\"color: black;\">Một chiếc tủ đầu giường nhỏ nhắn sẽ không khiến không gian của bạn chật chội hơn mà ngược lại còn rất tiện dụng, có thể dùng để đặt đèn ngủ, trang trí và lưu giữ những vật dụng nhỏ như đồng hồ, điện thoại, sách. Hiện nay có nhiều combo sản phẩm, bao gồm cả giường, tủ đầu giường, tủ quần áo cho bạn lựa chọn theo phong cách của mình.&nbsp;</span></p><p class=\"ql-align-center\"><img src=\"https://file.hstatic.net/200000065946/file/tu-dau-giuong-vline-hien-dai_3f898bedc8fd4b4a8dbff33b91450653_1024x1024.jpg\" alt=\"Tủ đầu giường VLINE hiện đại\"></p><p class=\"ql-align-center\"><em style=\"color: black;\">Tủ đầu giường VLINE hiện đại</em></p><p class=\"ql-align-center\"><img src=\"https://file.hstatic.net/200000065946/file/tu-dau-giuong-vienna-go-cong-nghiep_53fe550dd2df49358ba4a20b83bdd629_1024x1024.jpg\" alt=\"Tủ đầu giường VIENNA gỗ công nghiệp\"></p><p class=\"ql-align-center\"><em style=\"color: black;\">Tủ đầu giường VIENNA gỗ công nghiệp</em></p><p class=\"ql-align-center\"><img src=\"https://file.hstatic.net/200000065946/file/tab-dau-giuong-go-tram-nho-gon_b0c4e3ef29a14046be61a34c9425a55b_1024x1024.jpg\" alt=\"Tab đầu giường gỗ tràm nhỏ gọn\"></p><p class=\"ql-align-center\"><em style=\"color: black;\">Tab đầu giường gỗ tràm nhỏ gọn</em></p><p class=\"ql-align-center\"><img src=\"https://file.hstatic.net/200000065946/file/ke-de-sach-5-tang-dep_7ffe4fd5d27b4e6d82dc7e2a159d7986_1024x1024.jpg\" alt=\"Kệ để sách 5 tầng đẹp\"></p><p class=\"ql-align-center\"><em style=\"color: black;\">Kệ để sách 5 tầng đẹp</em></p><h3 class=\"ql-align-justify\"><strong style=\"color: rgb(67, 67, 67);\">Các vật phẩm trang trí</strong></h3><p class=\"ql-align-justify\"><span style=\"color: black;\">Tùy theo sở thích mỗi người, bạn có thể chọn cây cảnh nhỏ, tranh ảnh, đèn,... để decor phòng ngủ. Tuy nhiên khi sử dụng các đồ decor, cần chú ý đến màu sắc và kích thước, đảm bảo phòng ngủ luôn thông thoáng.</span></p><h2 class=\"ql-align-justify\"><strong>Kinh nghiệm chọn mua nội thất phòng ngủ hiện đại</strong></h2><p class=\"ql-align-justify\"><span style=\"color: black;\">Tùy vào đối tượng sử dụng mà bạn nên chọn các sản phẩm với tiện ích phù hợp. Dưới đây là gợi ý của Tinie giúp bạn chọn nội thất phòng ngủ cho vợ chồng, trẻ em và người già.&nbsp;</span></p><h3 class=\"ql-align-justify\"><strong style=\"color: rgb(67, 67, 67);\">Cách chọn nội thất phòng ngủ vợ chồng</strong></h3><p class=\"ql-align-justify\"><span style=\"color: black;\">Việc chọn nội thất cho phòng ngủ của vợ chồng không quá khó, chủ yếu sẽ dựa vào sở thích và nhu cầu của cả hai. Bạn nên chọn giường ngủ rộng rãi từ 1m6 trở lên để tạo sự thoải mái. Chiếc giường này cũng cần đảm bảo được sự chắc chắn, chịu trọng lượng tốt và có độ bền cao.&nbsp;</span></p><h3 class=\"ql-align-justify\"><strong style=\"color: rgb(67, 67, 67);\">Cách chọn mua và thiết kế nội thất phòng ngủ trẻ em</strong></h3><p class=\"ql-align-justify\"><span style=\"color: black;\">Khi chọn mua và thiết kế nội thất cho phòng ngủ trẻ em, yếu tố an toàn là tiêu chí hàng đầu. Các sản phẩm không nên có các góc cạnh sắc nhọn hoặc các chi tiết nhỏ. Chúng sẽ dễ gây tổn thương và nguy hiểm cho trẻ.&nbsp;</span></p><p class=\"ql-align-justify\"><span style=\"color: black;\">Ngoài ra, cần chọn các loại vật liệu nội thất có nguồn gốc xuất xứ rõ ràng, đảm bảo an toàn cho sức khỏe. Một lưu ý đặc biệt là trẻ em thường sẽ rất hiếu động, điều này sẽ dẫn đến việc gây đổ vỡ trong phòng. Do đó, những mẫu tủ quần áo, kệ sách,… cần được cố định, tránh bị xê dịch. Hiểu được điều đó nên các sản phẩm của Nội thất Tinie sử dụng bộ&nbsp;</span><a href=\"https://moho.com.vn/blogs/inspiration/anti-tip-kit-phu-kien-chong-lat-nga-tu-dung-trong-noi-that\" rel=\"noopener noreferrer\" target=\"_blank\" style=\"color: rgb(17, 85, 204);\"><strong>Anti tip kit</strong></a><span style=\"color: black;\">&nbsp;tránh bị đổ ngã, cực kỳ an toàn.&nbsp;</span></p><p class=\"ql-align-center\"><img src=\"https://file.hstatic.net/200000065946/file/bo-anti-tip-kit-chong-do-vo-do-dac_e748ae4ae0644d9a9f10fdb01fa9267d_1024x1024.jpg\" alt=\"Bộ Anti-Tip Kit chống đổ vỡ đồ đạc\"></p><p class=\"ql-align-center\"><em style=\"color: black;\">Bộ Anti-Tip Kit chống đổ vỡ đồ đạc</em></p><h3 class=\"ql-align-justify\"><strong style=\"color: rgb(67, 67, 67);\">Cách chọn mua nội thất cho người già</strong></h3><p class=\"ql-align-justify\"><span style=\"color: black;\">Ông bà là những người có tuổi nên thị lực cũng như khả năng vận động đều bị suy giảm. Do đó, các loại đồ nội thất phòng ngủ người già nên chọn những loại được bo góc, thiết kế đơn giản.&nbsp;</span></p><p class=\"ql-align-justify\"><span style=\"color: black;\">Nội thất cho người già nên được bo cong để tránh va chạm gây thương tích. Thông thường người lớn tuổi sẽ ưa chuộng những sản phẩm gỗ vì mang lại cảm giác quen thuộc. Bạn có thể chọn tông màu gỗ tự nhiên hoặc tông trầm như nâu, nâu nhạt hoặc xám. Bên cạnh đó, cần lưu ý đến chiều cao của các loại nội thất phòng ngủ, tránh gây ảnh hưởng đến sức khỏe xương khớp của ông bà.</span></p><h2 class=\"ql-align-justify\"><strong>Những lưu ý khác khi chọn mua đồ nội thất cho phòng ngủ</strong></h2><p class=\"ql-align-justify\"><span style=\"color: black;\">Tinie gửi đến bạn một số kinh nghiệm hữu ích để giúp bạn chọn được những sản phẩm phù hợp cho phòng ngủ, cụ thể như sau:&nbsp;</span></p><ul><li class=\"ql-align-justify\"><strong style=\"color: black;\">Xác định nhu cầu và phong cách</strong><span style=\"color: black;\">: Trước khi mua nội thất, hãy xác định nhu cầu và phong cách phòng ngủ. Bạn muốn sở hữu một không gian hiện đại, tối giản, cổ điển hay luxury. Từ đó chọn ra sản phẩm phù hợp, đúng gu thẩm mỹ của mình.&nbsp;</span></li><li class=\"ql-align-justify\"><strong style=\"color: black;\">Chất liệu và chất lượng</strong><span style=\"color: black;\">: Hãy kiểm tra chất liệu của các món đồ nội thất trước khi mua. Các vật liệu chất lượng, an toàn, dễ dàng vệ sinh và bền đẹp để có thể sử dụng lâu dài mà không ảnh hưởng đến sức khỏe.</span></li><li class=\"ql-align-justify\"><strong style=\"color: black;\">Tìm hiểu về nhà sản xuất và thương hiệu nội thất</strong><span style=\"color: black;\">: Việc chọn nhà sản xuất và thương hiệu nội thất sẽ đảm bảo bạn mua được sản phẩm chất lượng. Đồng thời, hãy tìm hiểu thêm về các dịch vụ đi kèm như giao hàng, bảo hành, đổi trả, khuyến mãi giảm giá,...</span></li></ul><p class=\"ql-align-center\"><img src=\"https://file.hstatic.net/200000065946/file/luu-y-khi-chon-noi-that-cho-khong-gian-phong-ngu-_11e264e4d2e8445d9ee63dcfe2e5136a_1024x1024.jpg\" alt=\"Lưu ý khi chọn nội thất cho không gian phòng ngủ\"></p><p class=\"ql-align-center\"><em style=\"color: black;\">Lưu ý khi chọn nội thất cho không gian phòng ngủ&nbsp;</em></p><h2 class=\"ql-align-justify\"><strong>Thương hiệu Tinie - Chuyên cung cấp nội thất phòng ngủ đẹp uy tín chất lượng</strong></h2><p class=\"ql-align-justify\"><span style=\"color: black;\">Tinie là một thương hiệu nội thất uy tín, được nhiều khách hàng tin tưởng lựa chọn trong nhiều năm qua. Dưới đây là những ưu điểm khi bạn lựa chọn sử dụng sản phẩm của chúng tôi:&nbsp;</span></p><ul><li class=\"ql-align-justify\"><strong style=\"color: black;\">Đa dạng phong cách</strong><span style=\"color: black;\">: Những sản phẩm nội thất của Tinie được thiết kế bởi những nhà chuyên gia hàng đầu đến từ Hàn Quốc và Đan Mạch. Đáp ứng nhu cầu ngày càng cao của khách hàng về sự tiện lợi và thẩm mỹ. Hiện tại Tinie đã cho ra mắt nhiều bộ sưu tập với phong cách đa dạng từ hiện đại của KOLDING Collection đến truyền thống VLINE Collection. Vì vậy, khi đến các cửa hàng Tinie, chắc chắn bạn sẽ tìm được mẫu nội thất theo mong muốn.</span></li><li class=\"ql-align-justify\"><strong style=\"color: black;\">Đảm bảo chất lượng và an toàn cho sức khỏe</strong><span style=\"color: black;\">: Bên cạnh mẫu mã đa dạng, chất lượng sản phẩm và sự an toàn của khách hàng cũng được Tinie đặt lên hàng đầu. Nội thất sử dụng loại gỗ đã đạt kiểm định CARB P2, có hàm lượng&nbsp;</span><a href=\"https://vi.wikipedia.org/wiki/Formaldehyde\" rel=\"noopener noreferrer\" target=\"_blank\" style=\"color: rgb(17, 85, 204);\"><strong>Formaldehyde</strong></a><span style=\"color: black;\">&nbsp;đạt tiêu chuẩn. Bọc nệm sử dụng vải polyester nhập khẩu từ Châu Âu, chống thấm dầu, chống nước, ngăn ngừa nấm mốc và dễ dàng vệ sinh.</span></li><li class=\"ql-align-justify\"><strong style=\"color: black;\">Giá thành phù hợp với mọi nhà</strong><span style=\"color: rgb(0, 0, 0);\">: Tuy được sử dụng những vật liệu cao cấp nhưng giá thành các sản phẩm của Tinie lại rất phù hợp với thu nhập của người Việt Nam. Hơn nữa, với&nbsp;</span><a href=\"https://moho.com.vn/pages/chinh-sach-bao-hanh\" rel=\"noopener noreferrer\" target=\"_blank\" style=\"color: rgb(17, 85, 204);\"><strong>chế độ bảo hành</strong></a><span style=\"color: rgb(0, 0, 0);\">&nbsp;và 1 đổi 1, bạn hoàn toàn yên tâm về chất lượng của chúng tôi.</span></li></ul><p class=\"ql-align-center\"><img src=\"https://file.hstatic.net/200000065946/file/thuong-hieu-moho-chuyen-cung-cap-noi-that-phong-ngu-uy-tin-chat-luong_bf254f593347420d8a00c1e0af9adaac_1024x1024.jpg\" alt=\"Thương hiệu MOHO - Chuyên cung cấp nội thất phòng ngủ uy tín chất lượng\"></p><p class=\"ql-align-center\"><em style=\"color: black;\">Thương hiệu Tinie - Chuyên cung cấp nội thất phòng ngủ uy tín chất lượng</em></p><h2 class=\"ql-align-justify\"><strong>Những câu hỏi thường gặp</strong></h2><p class=\"ql-align-justify\"><strong style=\"color: black;\">1. Tôi nên mua giường ngủ kích thước nào là phù hợp?</strong></p><p class=\"ql-align-justify\"><span style=\"color: black;\">Kích thước giường ngủ phù hợp phụ thuộc vào diện tích phòng ngủ và số người sử dụng. Giường kích thước 1m6 và 1m8 thường là lựa chọn phổ biến cho hầu hết các gia đình.</span></p><p class=\"ql-align-justify\"><strong style=\"color: black;\">2. Nên chọn giường gỗ hay giường sắt/nhôm?</strong></p><p class=\"ql-align-justify\"><span style=\"color: black;\">Mỗi loại có những ưu điểm riêng. Giường gỗ thân thiện môi trường, sang trọng nhưng giá thành cao. Giường sắt/nhôm giá rẻ hơn, dễ vệ sinh nhưng dễ rỉ sét.</span></p><p class=\"ql-align-justify\"><strong style=\"color: black;\">3. Tôi nên chọn nội thất theo phong cách nào?</strong></p><p class=\"ql-align-justify\"><span style=\"color: black;\">Điều này phụ thuộc vào sở thích cá nhân và không gian căn phòng. Một số phong cách phổ biến là tối giản, tân cổ điển, hiện đại, Bắc Âu,...</span></p><p class=\"ql-align-justify\"><strong style=\"color: black;\">4. Màu sắc nào phù hợp cho phòng ngủ?</strong></p><p class=\"ql-align-justify\"><span style=\"color: black;\">Bạn nên lựa chọn các màu sắc trung tính như be, xám, trắng. Có thể kết hợp màu xanh dương, tím than,... tạo phong cách riêng của gia chủ</span></p><p class=\"ql-align-justify\"><strong style=\"color: black;\">5. Làm thế nào để tạo không gian lưu trữ tối đa trong phòng ngủ?</strong></p><p class=\"ql-align-justify\"><span style=\"color: black;\">Bạn có thể lựa chọn giường có ngăn kéo bên dưới, tủ quần áo có nhiều ngăn và kệ để tối đa hóa không gian lưu trữ</span></p><p class=\"ql-align-justify\">Nếu bạn cần thông tin hoặc tư vấn về các sản phẩm&nbsp;<strong>nội thất phòng ngủ</strong>, hãy inbox&nbsp;<a href=\"https://www.facebook.com/mohofurniture\" rel=\"noopener noreferrer\" target=\"_blank\" style=\"color: rgb(51, 122, 183);\"><strong>Fanpage Nội thất</strong></a> <strong>Tinie</strong>&nbsp;hoặc liên hệ trực tiếp đến Hotline 0971141140 ngay nhé. Chúng tôi luôn có các ưu đãi dành cho khách hàng, giúp bạn mua sản phẩm chất lượng giá tốt.&nbsp;</p><p><br></p>');
INSERT INTO `loai_phong` (`id`, `tenPhong`, `mo_ta_phong`) VALUES
(3, 'Phòng làm việc', '<p class=\"ql-align-justify\"><span style=\"color: black;\">Xã hội ngày càng phát triển, các công ty tăng trưởng mạnh mẽ dẫn đến các vấn đề về&nbsp;</span><a href=\"https://moho.com.vn/collections/phong-lam-viec\" rel=\"noopener noreferrer\" target=\"_blank\" style=\"color: rgb(17, 85, 204);\"><strong>nội thất văn phòng</strong></a><strong>&nbsp;</strong><span style=\"color: black;\">cũng rất được quan tâm. Vậy làm như thế nào để có một chiếc phòng làm việc vừa đầy đủ tiện nghi và thoải mái?&nbsp;Hãy đọc bài viết dưới đây của&nbsp;</span><a href=\"https://moho.com.vn/\" rel=\"noopener noreferrer\" target=\"_blank\" style=\"color: rgb(17, 85, 204);\"><strong>Nội thất </strong></a><strong>Tinie</strong><span style=\"color: black;\">&nbsp;để tìm được những mẫu nội thất văn phòng phù hợp nhất cho bản thân nhé!</span></p><h2><strong>Vai trò quan trọng của đồ&nbsp;nội thất văn phòng</strong></h2><p class=\"ql-align-justify\"><span style=\"color: black;\">Ngày nay, văn phòng không đơn thuần chỉ là nơi làm việc mà còn là một yếu tố quan trọng góp phần vào sự thành công của công ty. Một không gian làm việc được thiết kế với nội thất phù hợp không những tạo ra môi trường thoải mái, truyền cảm hứng cho nhân viên mà còn ảnh hưởng trực tiếp đến năng suất, sự sáng tạo và cả sức khỏe tinh thần của họ.&nbsp;</span></p><p class=\"ql-align-justify\"><span style=\"color: black;\">Chẳng hạn như ghế làm việc công thái học có thể giúp ngăn ngừa các vấn đề về sức khỏe như đau lưng, mỏi cổ và đau đầu. Hoặc bàn văn phòng rộng rãi với nhiều không gian lưu trữ cũng có thể tạo ra cảm giác thoải mái, kích thích sự sáng tạo và khả năng đưa ra nhiều ý tưởng tuyệt vời.</span></p><h2 class=\"ql-align-justify\"><strong>Mẫu nội thất văn phòng nổi bật tại nội thất Tinie</strong></h2><p><span style=\"color: black;\">Để thiết kế nội thất phòng làm việc đẹp thì cần đạt chuẩn các tiêu chuẩn về mặt thẩm mỹ, tiện nghi và mục đích sử dụng. Dưới đây là một số gợi ý về các mẫu&nbsp;</span><strong style=\"color: black;\">nội thất văn phòng</strong><span style=\"color: black;\">&nbsp;mà bạn có thể tham khảo.</span></p><h3><strong>Bàn làm việc</strong></h3><p class=\"ql-align-justify\"><span style=\"color: black;\">Sở hữu một chiếc&nbsp;</span><a href=\"https://moho.com.vn/collections/ban-lam-viec\" rel=\"noopener noreferrer\" target=\"_blank\" style=\"color: rgb(17, 85, 204);\"><strong>bàn làm việc</strong></a><span style=\"color: black;\">&nbsp;gỗ thông minh, ngăn nắp và khoa học sẽ mang đến nguồn cảm hứng bất tận cho công việc. Bàn văn phòng của Nội thất Tinie có thiết kế rất đa dạng, từ đơn giản, thanh lịch đến cá tính, độc đáo. Cùng với chất liệu cao cấp như gỗ tự nhiên, gỗ công nghiệp, sắt, đảm bảo độ bền đẹp và an toàn cho sức khỏe.</span></p><p class=\"ql-align-justify\"><span style=\"color: black;\">Bên cạnh đó, Tinie còn có nhiều mẫu bàn có ngăn kéo, kệ để tài liệu, giá đỡ màn hình giúp bạn sắp xếp đồ đạc gọn gàng và tối ưu diện tích làm việc. Với kích thước đa dạng, màu sắc phong phú và giá cả hợp lý, đây là một sự lựa chọn hoàn hảo cho không gian làm việc chuyên nghiệp và đầy cảm hứng!</span></p><p class=\"ql-align-center\"><img src=\"https://file.hstatic.net/200000065946/file/ban-lam-viec-van-phong-co-ke-do-tai-lieu_4407c7fcaf284ca09d61d74c4f6e2776_1024x1024.jpg\" alt=\"Nội thất văn phòng - Bàn làm việc văn phòng có kệ đỡ tài liệu\"></p><p class=\"ql-align-center\"><em style=\"color: black;\">Nội thất văn phòng - Bàn làm việc văn phòng có kệ đỡ tài liệu&nbsp;</em></p><p class=\"ql-align-center\"><img src=\"https://file.hstatic.net/200000065946/file/ban-co-ngan-keo-dung-so-sach_b0fdb5ef2a754aa8b77c07b419eef2ad_1024x1024.jpg\" alt=\"Bàn có ngăn kéo đựng sổ sách\"></p><p class=\"ql-align-center\"><em style=\"color: black;\">Bàn có ngăn kéo đựng sổ sách</em></p><p class=\"ql-align-center\"><img src=\"https://file.hstatic.net/200000065946/file/chiec-ban-nho-gon-de-lam-viec-tu-moi-noi_35f096dd06004709978632a052343dcc_1024x1024.jpg\" alt=\"Bàn làm việc MOHO WORKS 701 rộng rãi\"></p><p class=\"ql-align-center\"><em style=\"color: black;\">Chiếc bàn nhỏ gọn để làm việc từ mọi nơi</em></p><p class=\"ql-align-center\"><img src=\"https://file.hstatic.net/200000065946/file/ban-lam-viec-moho-works-701-rong-rai_46b10fe35fd94a11a09f91210906da44_1024x1024.jpg\" alt=\"Bàn làm việc MOHO WORKS 701 rộng rãi\"></p><p class=\"ql-align-center\"><em style=\"color: black;\">Bàn làm việc Tinie WORKS 701 rộng rãi</em></p><p class=\"ql-align-center\"><img src=\"https://file.hstatic.net/200000065946/file/ban-van-phong-toi-gian-va-tinh-te_765e6a4b6646409494baa8a2129c1e07_1024x1024.jpg\" alt=\"Bàn văn phòng tối giản và tinh tế\"></p><p class=\"ql-align-center\"><em style=\"color: black;\">Bàn văn phòng tối giản và tinh tế</em></p><h3><strong>Ghế văn phòng</strong></h3><p class=\"ql-align-justify\"><a href=\"http://moho.com.vn/collections/ghe-van-phong\" rel=\"noopener noreferrer\" target=\"_blank\" style=\"color: rgb(51, 122, 183);\"><strong>Ghế văn phòng</strong></a><span style=\"color: rgb(31, 31, 31);\">&nbsp;đóng vai trò quan trọng trong việc bảo vệ sức khỏe và nâng cao hiệu quả công việc. Hiểu được điều này, Nội thất Tinie đã mang đến rất nhiều loại ghế hiện đại, đáp ứng mọi nhu cầu của bạn.&nbsp;</span></p><p class=\"ql-align-justify\"><span style=\"color: rgb(31, 31, 31);\">Các mẫu ghế chú trọng vào sự tiện lợi cho người dùng với khả năng điều chỉnh độ cao, độ ngả lưng, phần tựa đầu và tay vịn để giúp bạn dễ dàng điều chỉnh tư thế ngồi phù hợp, giảm thiểu nguy cơ mắc các bệnh về cột sống. Hơn nữa, Tinie cũng sử dụng các chất liệu cao cấp như da, lưới, nệm cao su non,... để đảm bảo sự thoải mái, thoáng mát và độ bền đẹp cho sản phẩm. Tóm lại, đây&nbsp;là mẫu thiết kế nội thất văn phòng hoàn hảo cho sức khỏe với nhiều tính năng ưu việt!</span></p><p class=\"ql-align-center\"><img src=\"https://file.hstatic.net/200000065946/file/ghe-lam-viec-jefe-co-yeu-to-cong-thai-hoc_83a0d7f57d1c41228114a0e9c2e7a389_1024x1024.jpg\" alt=\"Ghế làm việc JEFE có yếu tố công thái học\"></p><p class=\"ql-align-center\"><em style=\"color: rgb(31, 31, 31);\">Ghế làm việc JEFE có yếu tố công thái học&nbsp;</em></p><p class=\"ql-align-center\"><img src=\"https://file.hstatic.net/200000065946/file/ghe-moho-major-701-giup-han-che-nhuc-moi_cfa23db39bcd455e847daa9efe406071_1024x1024.jpg\" alt=\"Ghế MOHO MAJOR 701 giúp hạn chế nhức mỏi\"></p><p class=\"ql-align-center\"><em style=\"color: rgb(31, 31, 31);\">Ghế Tinie MAJOR 701 giúp hạn chế nhức mỏi</em></p><p class=\"ql-align-center\"><img src=\"https://file.hstatic.net/200000065946/file/ghe-moho-riga-701-co-phan-tay-gap-thong-minh_4b5194c6f9a647a3b8172e1f890cb07d_1024x1024.jpg\" alt=\"Ghế MOHO RIGA 701 có phần tay gập thông minh\"></p><p class=\"ql-align-center\"><em style=\"color: rgb(31, 31, 31);\">Ghế Tinie RIGA 701 có phần tay gập thông minh</em></p><p class=\"ql-align-center\"><img src=\"https://file.hstatic.net/200000065946/file/ghe-moho-calloso-co-thiet-ke-tay-don-gian_bc3363f68df741169f4af5bee217ccb1_1024x1024.jpg\" alt=\"Ghế MOHO CALLOSO có thiết kế tay đơn giản\"></p><p class=\"ql-align-center\"><em style=\"color: rgb(31, 31, 31);\">Ghế Tinie CALLOSO có thiết kế tay đơn giản</em></p><h3><strong>Kệ sách</strong></h3><p class=\"ql-align-justify\"><a href=\"http://moho.com.vn/collections/tu-ke\" rel=\"noopener noreferrer\" target=\"_blank\" style=\"color: rgb(51, 122, 183);\"><strong>Tủ kệ sách</strong></a><span style=\"color: rgb(73, 80, 87);\">&nbsp;không chỉ là nơi cất giữ tài liệu, hồ sơ mà còn là nơi lưu trữ vô cùng quan trọng của các công ty, doanh nghiệp. Để phục vụ nhu cầu ngày càng cao của các khách hàng, Tinie - đơn vị thi công nội thất văn phòng uy tín tại Việt Nam đã cung cấp ra thị trường rất nhiều mẫu kệ hiện đại, phù hợp với nhiều phong cách và mục đích sử dụng của từng khách hàng.</span></p><p class=\"ql-align-justify\"><span style=\"color: rgb(31, 31, 31);\">Tinie sử dụng các chất liệu cao cấp như gỗ tự nhiên, gỗ công nghiệp để đảm bảo độ bền đẹp, an toàn cho sức khỏe người sử dụng và thân thiện với môi trường. Hơn nữa, kệ sách ở đây sở hữu thiết kế hiện đại, trẻ trung với nhiều kiểu dáng, kích thước khác nhau, phù hợp với mọi không gian văn phòng. Các mẫu tủ chú trọng vào sự tiện lợi cho người sử dụng với nhiều ngăn, kệ, giúp bạn dễ dàng sắp xếp và phân loại tài liệu, sổ sách.&nbsp;</span></p><p class=\"ql-align-center\"><img src=\"https://file.hstatic.net/200000065946/file/ke-go-olso-901-voi-khong-gian-luu-tru-lon_593d49d8135c44488e1fb739dedfa20c_1024x1024.jpg\" alt=\"Kệ gỗ OLSO 901 với không gian lưu trữ lớn\"></p><p class=\"ql-align-center\"><em style=\"color: black;\">Kệ gỗ OLSO 901 với không gian lưu trữ lớn</em></p><p class=\"ql-align-center\"><img src=\"https://file.hstatic.net/200000065946/file/tu-dung-ho-so-moho-works-201_1438821deafd4e5bb9aad6ceded0223c_1024x1024.jpg\" alt=\"Tủ đựng hồ sơ MOHO WORKS 201\"></p><p class=\"ql-align-center\"><em style=\"color: black;\">Tủ đựng hồ sơ Tinie WORKS 201</em></p><p class=\"ql-align-center\"><img src=\"https://file.hstatic.net/200000065946/file/mot-chiec-ke-sach-nho-xinh_2932704b48df420bb5f3a8b4b32ba0c0_1024x1024.jpg\" alt=\"Một chiếc kệ sách nhỏ xinh\"></p><p class=\"ql-align-center\"><em style=\"color: black;\">Một chiếc kệ sách nhỏ xinh</em></p><p class=\"ql-align-center\"><img src=\"https://file.hstatic.net/200000065946/file/ke-5-tang-phu-hop-voi-moi-phong-cach_d12c0bfff6a1466688765f7d0f8ce4bc_1024x1024.jpg\" alt=\"Kệ 5 tầng phù hợp với mọi phong cách\"></p><p class=\"ql-align-center\"><em style=\"color: black;\">Kệ 5 tầng phù hợp với mọi phong cách</em></p><p class=\"ql-align-center\"><img src=\"https://file.hstatic.net/200000065946/file/ke-tu-khoa-luu-giu-tai-lieu-quan-trong_7a62d6a6bb84484d892eba9a1dc909ce_1024x1024.jpg\" alt=\"Kệ tủ khóa lưu giữ tài liệu quan trọng\"></p><p class=\"ql-align-center\"><em style=\"color: black;\">Kệ tủ khóa lưu giữ tài liệu quan trọng</em></p><h2 class=\"ql-align-justify\"><strong>Những điều cần lưu ý khi mua nội thất văn phòng</strong></h2><p class=\"ql-align-justify\"><span style=\"color: black;\">Khi mua nội thất văn phòng, có một số điều cần lưu ý quan trọng để đảm bảo không gian làm việc hiệu quả, thoải mái. Dưới đây là những điều bạn cần lưu ý khi mua sản phẩm cho phòng làm việc:</span></p><ul><li class=\"ql-align-justify\"><strong style=\"color: black;\">Chất lượng và độ bền</strong><span style=\"color: black;\">: Nội thất văn phòng nên được làm từ vật liệu chất lượng cao, có thể sử dụng thường xuyên và lâu dài. Khi mua đồ, bạn hãy chú ý đến phần gỗ, kim loại, vải bọc ghế,... để đảm bảo đúng với yêu cầu.</span></li><li class=\"ql-align-justify\"><strong style=\"color: black;\">Thiết kế và kiểu dáng</strong><span style=\"color: black;\">: Nội thất văn phòng cần có thiết kế hiện đại, hài hòa với không gian và phù hợp với môi trường làm việc. Hãy lựa chọn những kiểu dáng đơn giản, gọn gàng nhưng vẫn mang tính thẩm mỹ. Bạn nên ưu tiên các sản phẩm bàn gỗ làm việc, ghế ngồi có yếu tố công thái học, tạo cảm giác thoải mái, không gây đau mỏi sau nhiều giờ làm việc.</span></li><li class=\"ql-align-justify\"><strong style=\"color: black;\">Màu sắc sản phẩm</strong><span style=\"color: black;\">: Màu sắc của nội thất sẽ ảnh hưởng đến tâm lý và năng suất làm việc của bạn. Vì vậy, bạn nên lựa chọn những tông màu tươi sáng, tao nhã để tạo không gian làm việc tích cực.</span></li><li class=\"ql-align-justify\"><strong style=\"color: black;\">Dịch vụ lắp đặt và bảo hành</strong><span style=\"color: black;\">: Bạn nên chọn các nhà cung cấp nội thất uy tín, có dịch vụ lắp đặt chuyên nghiệp và chính sách bảo hành đầy đủ, đảm bảo có trải nghiệm tốt khi sử dụng.</span></li></ul><p><br></p>'),
(4, 'Phòng ăn', '<p class=\"ql-align-justify\"><a href=\"https://moho.com.vn/collections/phong-an\" rel=\"noopener noreferrer\" target=\"_blank\" style=\"color: rgb(41, 128, 185);\"><strong>Nội thất phòng ăn</strong></a><span style=\"color: black;\">&nbsp;đóng một vai trò quan trọng để tạo ra sự thoải mái nhất trong những giây phút sum họp trong gia đình. Hiểu được ý nghĩa này,</span><a href=\"https://moho.com.vn/\" rel=\"noopener noreferrer\" target=\"_blank\" style=\"color: rgb(51, 122, 183);\">&nbsp;</a><a href=\"https://moho.com.vn/\" rel=\"noopener noreferrer\" target=\"_blank\" style=\"color: rgb(41, 128, 185);\"><strong>Nội Thất </strong></a><strong>Tinie</strong><span style=\"color: black;\">&nbsp;đã tạo ra nhiều sản phẩm nội thất mang đến sự hài lòng cho khách hàng. Cùng khám phá những mẫu sản phẩm gỗ cho phòng ăn nổi bật nhất của chúng tôi nhé.</span></p><h2 class=\"ql-align-justify\"><strong>Vì sao nên được đầu tư nội thất phòng ăn chất lượng?</strong></h2><p><span style=\"color: black;\">Phòng ăn là không gian đặc biệt quan trọng trong bất kỳ ngôi nhà nào. Đây là nơi gia đình sum họp để thưởng thức bữa ăn, gắn kết các thành viên. Một phòng ăn được trang trí đẹp mắt và trang bị nội thất chất lượng sẽ tạo cảm giác thoải mái và tiện nghi. Chính vì tầm quan trọng đặc biệt này, việc đầu tư cho&nbsp;</span><strong style=\"color: black;\">nội thất phòng ăn</strong><span style=\"color: black;\">&nbsp;chất lượng cao trở nên vô cùng cần thiết. Dưới đây là những lý do để bạn lựa chọn đầu tư không gian phòng ăn gia đình:</span></p><ul><li><strong style=\"color: black;\">Tạo không gian ăn uống thoải mái</strong><span style=\"color: black;\">: Phòng ăn là nơi gia đình sum họp, nói chuyện và thưởng thức bữa ăn. Nội thất chất lượng tốt sẽ tạo cảm giác thoải mái, gắn kết mối quan hệ giữa các thành viên trong gia đình.</span></li><li><strong style=\"color: black;\">Đảm bảo sự bền vững</strong><span style=\"color: black;\">: Nội thất phòng ăn chất lượng cao thường được làm từ gỗ tự nhiên hoặc vật liệu công nghiệp cao cấp. Chúng có thể sử dụng trong nhiều năm mà không dễ bị hư hỏng.</span></li><li><strong style=\"color: black;\">Phù hợp với phong cách nội thất</strong><span style=\"color: black;\">: Bàn ăn ghế ăn chất lượng cao sẽ giúp hoàn thiện phong cách nội thất toàn bộ ngôi nhà, tạo ra một tổng thể hài hòa.</span></li><li><strong style=\"color: black;\">Dễ dàng vệ sinh</strong><span style=\"color: black;\">: Nội thất phòng ăn chất lượng tốt thường được hoàn thiện với các vật liệu chống trầy xước, chống ẩm mốc, dễ dàng làm vệ sinh và bảo trì trong quá trình sử dụng hằng ngày.</span></li></ul><p class=\"ql-align-center\"><img src=\"https://file.hstatic.net/200000065946/file/noi-that-phong-an-can-ho-chung-cu_291bace6df864a74b13e770d8b6c14aa_grande.jpg\" alt=\"Nội thất phòng ăn căn hộ chung cư\"></p><p class=\"ql-align-center\"><em style=\"color: black;\">Nội thất phòng ăn căn hộ chung cư</em></p><h2><strong>10+ mẫu nội thất phòng ăn nổi bật tại Nội Thất Tinie</strong></h2><p class=\"ql-align-justify\"><span style=\"color: black;\">Thông thường, một bộ nội thất nhà bếp sẽ bao gồm hai sản phẩm chính là&nbsp;</span><a href=\"https://moho.com.vn/collections/bo-ban-an\" rel=\"noopener noreferrer\" target=\"_blank\" style=\"color: rgb(17, 85, 204);\"><strong>bộ bàn ăn</strong></a><span style=\"color: black;\">&nbsp;và hệ&nbsp;</span><a href=\"https://moho.com.vn/pages/kitchen\" rel=\"noopener noreferrer\" target=\"_blank\" style=\"color: rgb(17, 85, 204);\"><strong>tủ bếp</strong></a><span style=\"color: black;\">. Nếu bạn muốn tạo một</span><span style=\"color: rgb(41, 38, 27);\">&nbsp;không gian bếp hoàn toàn mới, đẳng cấp và tiện nghi thì hãy tham khảo các sản phẩm dưới đây của Tinie nhé.&nbsp;</span></p><h3><strong style=\"color: rgb(67, 67, 67);\">Bộ bàn ăn gia đình&nbsp;</strong></h3><p class=\"ql-align-justify\"><strong style=\"color: black;\">Bộ bàn ăn</strong><span style=\"color: black;\">&nbsp;gia đình bao gồm&nbsp;</span><a href=\"https://moho.com.vn/collections/ban-an\" rel=\"noopener noreferrer\" target=\"_blank\" style=\"color: rgb(17, 85, 204);\"><strong>bàn ăn</strong></a><span style=\"color: black;\">&nbsp;và&nbsp;</span><a href=\"https://moho.com.vn/collections/ghe-an\" rel=\"noopener noreferrer\" target=\"_blank\" style=\"color: rgb(17, 85, 204);\"><strong>ghế ăn</strong></a><span style=\"color: black;\">. Tại Nội Thất Tinie, bộ bàn ăn có đa dạng kích thước, kiểu dáng và chất liệu. Bộ bàn ăn gỗ là một loại rất được ưa chuộng trên thị trường, vì hợp gu với đại đa số người Việt lại hợp phong thủy. Chúng mang đến sự ấm cúng hơn so với các loại bàn ăn kim loại.&nbsp;</span></p><p><span style=\"color: black;\">Bên cạnh đó, tùy theo số lượng thành viên mà chúng ta sẽ có thêm lựa chọn loại bàn ăn 4 ghế, bộ bàn ăn 6 ghế hoặc bộ bàn ăn 8 ghế. Với kiểu dáng thanh lịch kết hợp với đường nét bo tròn tinh tế, bộ bàn ăn Tinie sẽ là điểm nhấn ấn tượng cho gian bếp nhà bạn. Mặt bàn rộng rãi, bề mặt phủ Melamine chống thấm nước, dễ dàng vệ sinh, không lo bám bẩn. Dưới đây là một số mẫu sản phẩm ấn tượng, bạn có thể tham khảo cho gia đình.&nbsp;</span></p><p class=\"ql-align-center\"><img src=\"https://file.hstatic.net/200000065946/file/bo-ban-an-go-cao-su-ghe-bang-dai-moho-vline_a2902c8fbbfb42bcbaede167687c21e3_grande.jpg\" alt=\"Bộ bàn ăn gỗ cao su, ghế băng dài MOHO VLINE\"></p><p class=\"ql-align-center\"><em style=\"color: black;\">Bộ bàn ăn gỗ cao su, ghế băng dài Tinie VLINE</em></p><p class=\"ql-align-center\"><img src=\"https://file.hstatic.net/200000065946/file/bo-ban-an-4-ghe-moho-milan_5c1921571fda4c8197cc7bed28f336d0_grande.jpg\" alt=\"Bộ bàn ăn 4 ghế MOHO MILAN\"></p><p class=\"ql-align-center\"><em style=\"color: black;\">Bộ bàn ăn 4 ghế Tinie MILAN&nbsp;</em></p><p class=\"ql-align-center\"><img src=\"https://file.hstatic.net/200000065946/file/bo-ban-an-4-ghe-moho-oslo_44fdf7b945eb49d0980be4b8ca58508a_grande.jpg\" alt=\"Bộ bàn ăn 4 ghế MOHO OSLO\"></p><p class=\"ql-align-center\"><em style=\"color: black;\">Bộ bàn ăn 4 ghế Tinie OSLO</em></p><p class=\"ql-align-center\"><img src=\"https://file.hstatic.net/200000065946/file/bo-ban-an-go-soi-moho-fyn_2ad13fcbb07b49c2babcac7885576de0_grande.jpg\" alt=\"Bộ bàn ăn gỗ sồi MOHO FYN\"></p><p class=\"ql-align-center\"><em style=\"color: black;\">Bộ bàn ăn gỗ sồi Tinie FYN</em></p><p class=\"ql-align-center\"><img src=\"https://file.hstatic.net/200000065946/file/bo-ban-an-moho-vline-mau-go-tu-nhien_c72fe69b2eca4c158fbdb2e17395054c_grande.jpg\" alt=\"Bộ bàn ăn MOHO VLINE màu gỗ tự nhiên\"></p><p class=\"ql-align-center\"><em style=\"color: black;\">Bộ bàn ăn Tinie VLINE màu gỗ tự nhiên</em></p><h3><strong style=\"color: rgb(67, 67, 67);\">Hệ tủ bếp gỗ cao cấp </strong><em style=\"color: black;\">Tinie</em><strong style=\"color: rgb(67, 67, 67);\">&nbsp;</strong></h3><p class=\"ql-align-justify\"><span style=\"color: black;\">Hệ tủ bếp không chỉ là nơi để lưu trữ đồ dùng nhà bếp, chế biến món ăn mà còn là trái tim của mỗi gia đình. Chúng không chỉ tạo sự tiện lợi mà còn định hình không gian và phong cách của ngôi nhà. Chính vì thế, việc lựa chọn một tủ bếp vừa phù hợp với nhu cầu sử dụng, vừa thẩm mỹ là một điều vô cùng quan trọng.</span></p><p class=\"ql-align-justify\"><span style=\"color: black;\">Tại Nội Thất </span><em style=\"color: black;\">Tinie</em><span style=\"color: black;\"> có nhiều loại tủ bếp để bạn lựa chọn: tủ chữ L, chữ U, chữ I đến các mẫu đảo bếp sang trọng. Mỗi loại tủ đều mang lại sự tiện ích, phù hợp với diện tích bếp khác nhau.&nbsp;</span></p><p class=\"ql-align-center\"><img src=\"https://file.hstatic.net/200000065946/file/mau-noi-that-nha-bep-voi-he-tu-bep-sang-trong_069b3a7a6a164cc0a188a38338ee70b6_grande.jpg\" alt=\"Mẫu nội thất nhà bếp với hệ tủ bếp sang trọng\"></p><p class=\"ql-align-center\"><em style=\"color: black;\">Mẫu nội thất nhà bếp với hệ tủ bếp sang trọng</em></p><p class=\"ql-align-center\"><img src=\"https://file.hstatic.net/200000065946/file/he-tu-bep-cao-cap-moho_69b4b3440d32481aae610747a111e938_grande.jpg\" alt=\"Hệ tủ bếp cao cấp MOHO\"></p><p class=\"ql-align-center\"><em style=\"color: black;\">Hệ tủ bếp cao cấp Tinie</em></p><p class=\"ql-align-center\"><img src=\"https://file.hstatic.net/200000065946/file/tu-bep-go-noi-that-moho_5dc1fe3846214a1581de1aabe59c1c26_grande.jpg\" alt=\"Tủ bếp gỗ Nội Thất MOHO\"></p><p class=\"ql-align-center\"><em style=\"color: black;\">Tủ bếp gỗ Nội Thất Tinie</em></p><p class=\"ql-align-center\"><img src=\"https://file.hstatic.net/200000065946/file/he-tu-bep-don-gian-sang-trong-cua-moho_4b138e7c088343bf9b1865d39c3742b4_grande.jpg\" alt=\"Hệ tủ bếp đơn giản, sang trọng của MOHO\"></p><p class=\"ql-align-center\"><em style=\"color: black;\">Hệ tủ bếp đơn giản, sang trọng của Tinie</em></p><p class=\"ql-align-center\"><img src=\"https://file.hstatic.net/200000065946/file/tu-bep-chu-l-go-cong-nghiep-cao-cap_5d736c84e8b34e4082352db2676fddf9_grande.jpg\" alt=\"Tủ bếp chữ L gỗ công nghiệp cao cấp\"></p><p class=\"ql-align-center\"><em style=\"color: black;\">Tủ bếp chữ L gỗ công nghiệp cao cấp</em></p><p class=\"ql-align-justify\"><span style=\"color: black;\">Chất lượng tủ bếp không chỉ đo lường qua vật liệu, mà còn dựa vào thiết kế của từng chi tiết. Từ các góc cạnh sắc nét cho đến cấu tạo của bản lề và ray trượt. Chất liệu gỗ tự nhiên và gỗ công nghiệp cao cấp có khả năng chống ẩm và mối mọt, không chỉ đẹp mắt mà còn bền bỉ theo thời gian.&nbsp;</span></p><h2><strong>Xu hướng thiết kế nội thất phòng bếp năm 2024</strong></h2><p class=\"ql-align-justify\"><span style=\"color: black;\">Việc thiết kế và trang trí phòng bếp luôn nhận được sự quan tâm đặc biệt từ các kiến trúc sư và chủ nhà. Năm 2024 đánh dấu những xu hướng mới mẻ, sáng tạo nhằm biến không gian này trở nên hiện đại, tiện nghi nhưng vẫn gần gũi với thiên nhiên.</span></p><h3><strong style=\"color: rgb(67, 67, 67);\">Sự linh hoạt và tiện nghi</strong></h3><p class=\"ql-align-justify\"><span style=\"color: black;\">Ngày nay, không gian sống không những cần sự thẩm mỹ mà còn cần yếu tố linh hoạt, thông minh. Tủ bếp hiện nay có thiết kế module, sử dụng thiết bị điều khiển từ xa và không gian lưu trữ linh hoạt. Giúp tối ưu hóa không gian và tạo ra một không gian nấu nướng thuận tiện.</span></p><h3><strong style=\"color: rgb(67, 67, 67);\">Tối giản và hiện đại</strong></h3><p class=\"ql-align-justify\"><span style=\"color: black;\">Xu hướng tối giản không chỉ giúp không gian trở nên rộng rãi hơn mà còn tạo nên vẻ đẹp hiện đại và sang trọng. Các đường nét đơn giản, không gian mở, màu sắc nhẹ nhàng là những yếu tố quan trọng trong thiết kế phòng bếp hiện đại.</span></p><p class=\"ql-align-center\"><img src=\"https://file.hstatic.net/200000065946/file/noi-that-phong-an-go-toi-gian_44671102403a46c2b5e3a734cece0959_grande.jpg\" alt=\"Nội thất phòng ăn gỗ tối giản\"></p><p class=\"ql-align-center\"><em style=\"color: black;\">Nội thất phòng ăn gỗ tối giản</em></p><h3><strong style=\"color: rgb(67, 67, 67);\">Sử dụng vật liệu bền vững</strong></h3><p class=\"ql-align-justify\"><span style=\"color: black;\">Xu hướng thiết kế&nbsp;</span><a href=\"https://moho.com.vn/blogs/noi-that-ung-dung/eco-friendly-xu-huong-su-dung-san-pham-cua-con-nguoi-hien-dai\" rel=\"noopener noreferrer\" target=\"_blank\" style=\"color: rgb(17, 85, 204);\"><strong>eco-friendly</strong></a><span style=\"color: black;\">&nbsp;đang ngày càng trở nên quan trọng. Sử dụng vật liệu tái chế và bền vững như gỗ tái chế, đèn LED tiết kiệm năng lượng, và các thiết bị thông minh để giảm tiêu thụ năng lượng là xu hướng không thể bỏ qua trong thiết kế nội thất phòng bếp 2024.</span></p><h3><strong style=\"color: rgb(67, 67, 67);\">Phối màu sáng và màu đậm</strong></h3><p class=\"ql-align-justify\"><span style=\"color: black;\">Kết hợp giữa các tông màu sáng như trắng, xám và be với các màu đậm như đen, xanh đậm và nâu sẽ tạo ra hiệu ứng tương phản độc đáo. Sự kết hợp này không chỉ tạo ra một không gian sang trọng mà còn giúp cho phòng bếp trở nên nổi bật và thu hút hơn.</span></p><p class=\"ql-align-center\"><img src=\"https://file.hstatic.net/200000065946/file/trang-tri-phong-bep-dep_9a255633218b4afc9bdac2c811930e0a_grande.jpg\" alt=\"Trang trí phòng bếp đẹp\"></p><p class=\"ql-align-center\"><em style=\"color: black;\">Trang trí phòng bếp đẹp</em></p><h2><strong>Nguyên tắc thiết kế phòng bếp đẹp và tiện nghi</strong></h2><p class=\"ql-align-justify\"><span style=\"color: black;\">Khi thiết kế nội thất nhà bếp, việc hiểu rõ về các nguyên tắc thiết kế là điều quan trọng. Không chỉ là để tối ưu hóa không gian, mà còn đảm bảo sự an toàn và tiện nghi cho mỗi thành viên trong gia đình.</span></p><h3><strong style=\"color: rgb(67, 67, 67);\">Tối ưu hóa không gian</strong></h3><p class=\"ql-align-justify\"><span style=\"color: black;\">Bạn nên phân chia không gian thành các khu vực như khu vực nấu ăn, khu vực chuẩn bị thức ăn và khu vực ăn uống. Điều này giúp tối ưu hóa hiệu quả sử dụng không gian. Đồng thời, các giải pháp lưu trữ như kệ đựng đồ, ngăn kéo và tủ gắn tường cũng sẽ giúp cho không gian gọn gàng hơn.</span></p><h3><strong style=\"color: rgb(67, 67, 67);\">Đảm bảo sự thông thoáng</strong></h3><p class=\"ql-align-justify\"><span style=\"color: black;\">Đảm bảo cửa ra vào, cửa sổ và lối đi trong nhà bếp được bố trí một cách hợp lý, thuận tiện cho việc đi lại và dùng bữa. Bên cạnh đó, bạn cần tránh đặt quá nhiều đồ trang trí không cần thiết tại khu vực phòng ăn. Nhất là phần lối đi, đảm bảo sự an toàn cho gia đình, đặc biệt là khi có người già và trẻ nhỏ.</span></p><p class=\"ql-align-justify\"><span style=\"color: black;\">Đồng thời, hãy tận dụng ánh sáng tự nhiên bằng cách đặt cửa sổ lớn hoặc cửa kính,cho phép ánh sáng mặt trời chiếu vào nhà bếp. Ngoài ra, bạn còn có thể sử dụng thêm đèn led hoặc đèn trang trí để tạo ra không gian ấm áp và sang trọng.</span></p><p class=\"ql-align-center\"><img src=\"https://file.hstatic.net/200000065946/file/thiet-ke-phong-an-thong-thoang_1f047226e4f34fa9890fdf965c96b707_grande.jpg\" alt=\"Thiết kế phòng ăn thông thoáng\"></p><p class=\"ql-align-center\"><em style=\"color: black;\">Thiết kế phòng ăn thông thoáng</em></p><h3><strong style=\"color: rgb(67, 67, 67);\">Sự hài hòa về màu sắc và vật liệu</strong></h3><p class=\"ql-align-justify\"><span style=\"color: black;\">Sử dụng màu sắc như trắng, xám và các gam màu nhẹ sẽ giúp tạo ra cảm giác rộng rãi và sáng sủa. Bạn nên cân nhắc việc thêm một vài chi tiết màu sắc tươi sáng, nổi bật như vàng, cam, đỏ để tạo điểm nhấn. Ngoài ra, lựa chọn vật liệu như gỗ tự nhiên, đá hoặc thép không gỉ sẽ đảm bảo độ bền và dễ dàng vệ sinh.</span></p><h3><strong style=\"color: rgb(67, 67, 67);\">Sự an toàn</strong></h3><p class=\"ql-align-justify\"><span style=\"color: black;\">Khi thiết kế nội thất phòng bếp, bạn cần đảm bảo hệ thống gas và điện được lắp đặt đúng cách. Tránh nguy cơ mất an toàn khi cháy nổ hoặc gặp sự cố điện. Mặt khác, hãy hạn chế các thiết kế có góc nhọn để đảm bảo an toàn cho trẻ em.</span></p><p class=\"ql-align-center\"><img src=\"https://file.hstatic.net/200000065946/file/thiet-ke-bep-an-toan_37cde1ddb19b4651919494df1b500a3d_grande.jpg\" alt=\"Thiết kế bếp an toàn\"></p><p class=\"ql-align-center\"><em style=\"color: black;\">Thiết kế bếp an toàn</em></p><h2><strong>Nội thất Tinie -&nbsp;Đơn vị thiết kế nội thất phòng bếp chuyên nghiệp giá tốt&nbsp;</strong></h2><p class=\"ql-align-justify\"><span style=\"color: black;\">Nội Thất </span><span style=\"color: rgb(0, 0, 0);\">Tinie</span><span style=\"color: black;\"> là một đơn vị chuyên sản xuất</span><strong style=\"color: black;\">&nbsp;</strong><span style=\"color: black;\">nội thất phòng ăn chất lượng tại khu vực Hà Nội, Hồ Chí Minh, Biên Hòa và Bình Dương. Các sản phẩm tại Tinie đều theo hướng Eco-Friendly, đảm bảo độ bền đẹp và an toàn với sức khỏe. Khi đến với </span><span style=\"color: rgb(0, 0, 0);\">Tinie</span><span style=\"color: black;\">, bạn sẽ được các chuyên viên dày dặn kinh nghiệm sẽ giúp lựa chọn các sản phẩm nội thất phù hợp với nhà mình.</span></p><p class=\"ql-align-justify\"><span style=\"color: black;\">Các sản phẩm nội thất tại </span><span style=\"color: rgb(0, 0, 0);\">Tinie</span><span style=\"color: black;\"> được sản xuất tại nhà máy SAVIMEX, không qua trung gian. Sự quản lý chặt chẽ ở tất cả các công đoạn sẽ đem đến cho khách hàng những sản phẩm tốt nhất. Ngoài ra, công ty thường có các chương trình ưu đãi cho cả khách hàng mới, khách hàng cũ..</span></p><p class=\"ql-align-center\"><img src=\"https://file.hstatic.net/200000065946/file/noi-that-moho-dia-chi-ban-noi-that-phong-an-chat-luong_81ea601026a949e3b54c3c7d742e9f55_grande.jpg\" alt=\"Nội thất MOHO - Địa chỉ bán nội thất phòng ăn chất lượng\"></p><p class=\"ql-align-center\"><em style=\"color: black;\">Nội thất </em><span style=\"color: rgb(0, 0, 0);\">Tinie</span><em style=\"color: black;\"> - Địa chỉ bán nội thất phòng ăn chất lượng</em></p><p><br></p>');

-- --------------------------------------------------------

--
-- Table structure for table `loai_phong_san_pham`
--

CREATE TABLE `loai_phong_san_pham` (
  `id` int(11) NOT NULL,
  `loai_phong_id` int(11) NOT NULL,
  `loai_san_pham_id` int(11) NOT NULL
) ENGINE=InnoDB DEFAULT CHARSET=utf8 COLLATE=utf8_unicode_ci;

--
-- Dumping data for table `loai_phong_san_pham`
--

INSERT INTO `loai_phong_san_pham` (`id`, `loai_phong_id`, `loai_san_pham_id`) VALUES
(1, 1, 1),
(2, 1, 2),
(3, 1, 3),
(4, 2, 3),
(5, 2, 4),
(6, 2, 5),
(7, 3, 1),
(8, 3, 2),
(9, 4, 1),
(10, 4, 2);

-- --------------------------------------------------------

--
-- Table structure for table `loai_san_pham`
--

CREATE TABLE `loai_san_pham` (
  `id` int(11) NOT NULL,
  `tenLoaiSP` varchar(255) NOT NULL
) ENGINE=InnoDB DEFAULT CHARSET=utf8 COLLATE=utf8_unicode_ci;

--
-- Dumping data for table `loai_san_pham`
--

INSERT INTO `loai_san_pham` (`id`, `tenLoaiSP`) VALUES
(2, 'Bàn'),
(1, 'Ghế'),
(4, 'Giường'),
(5, 'Nệm'),
(3, 'Tủ');

-- --------------------------------------------------------

--
-- Table structure for table `mau_sac`
--

CREATE TABLE `mau_sac` (
  `id` int(11) NOT NULL,
  `ten_mau` varchar(100) NOT NULL,
  `ma_mau` varchar(7) DEFAULT NULL
) ENGINE=InnoDB DEFAULT CHARSET=utf8 COLLATE=utf8_unicode_ci;

--
-- Dumping data for table `mau_sac`
--

INSERT INTO `mau_sac` (`id`, `ten_mau`, `ma_mau`) VALUES
(1, 'Đen', '#000000'),
(2, 'Trắng', '#FFFFFF'),
(3, 'Xám', '#808080'),
(4, 'Nâu', '#8B4513'),
(5, 'Be', '#F5F5DC'),
(6, 'Gỗ Tự Nhiên', '#D2B48C'),
(7, 'Gỗ Trắng', '#FFFACD');

-- --------------------------------------------------------

--
-- Table structure for table `orders`
--

CREATE TABLE `orders` (
  `order_id` int(11) NOT NULL,
  `order_code` varchar(50) NOT NULL,
  `recipient_name` varchar(255) NOT NULL,
  `recipient_phone` varchar(20) NOT NULL,
  `recipient_address` varchar(255) DEFAULT NULL,
  `recipient_ward` varchar(100) DEFAULT NULL,
  `recipient_district` varchar(100) DEFAULT NULL,
  `status` varchar(100) DEFAULT NULL,
  `total_amount` decimal(10,2) NOT NULL,
  `created_at` timestamp NOT NULL DEFAULT current_timestamp(),
  `user_email` varchar(255) NOT NULL
) ENGINE=InnoDB DEFAULT CHARSET=utf8 COLLATE=utf8_unicode_ci;

--
-- Dumping data for table `orders`
--

INSERT INTO `orders` (`order_id`, `order_code`, `recipient_name`, `recipient_phone`, `recipient_address`, `recipient_ward`, `recipient_district`, `status`, `total_amount`, `created_at`, `user_email`) VALUES
(45, 'G8XEN9QC', 'Hồ Quốc Huy', '0332131232', '12', '390403', '3284', 'cancel', 20375512.00, '2024-11-14 18:29:00', 'Huyhuyhuy1803@gmail.com'),
(46, 'G8XEN9LV', 'Hồ Quốc Huy', '0362131232', '12', '360605', '1834', 'cancel', 8202512.00, '2024-11-14 18:29:46', 'Huyhuyhuy1803@gmail.com'),
(47, 'G8AVPBXM', 'Hồ Quốc Huy', '0336657490', 'a', '360702', '1835', 'cancel', 0.00, '2024-11-21 11:30:13', 'Huyhuyhuy1803@gmail.com'),
(48, 'G8YGNHHY', 'abc', '0929257181', '1 ', '230529', '2156', 'cancel', 133991.00, '2024-12-26 15:06:03', 'abc@gmail.com'),
(49, 'G8YGNXYQ', 'abc', '0929257181', '1 ', '230529', '2156', 'cancel', 133991.00, '2024-12-26 15:10:01', 'abc@gmail.com'),
(50, 'G8YGPDR6', 'xyz', '0336657490', '123', '450206', '1855', 'cancel', 74286506.00, '2024-12-26 17:51:52', 'xyz@gmail.com'),
(51, 'G8YGP4EL', 'xyz', '0336657490', '1', '220308', '1825', 'cancel', 13490891.00, '2024-12-26 18:26:01', 'xyz@gmail.com'),
(52, 'G8YGPK64', 'xyz', '0336657490', 's12', '230207', '1916', 'cancel', 2094991.00, '2024-12-26 18:32:26', 'xyz@gmail.com'),
(53, 'G8YG4AVY', 'Hồ Quốc H', '0336657490', '123', '450605', '3301', 'cancel', 13433406.00, '2024-12-27 01:21:30', 'Huyhuyhuy1803@gmail.com'),
(54, 'G8Y9LE74', 'Quốc Huy', '0336657490', '212', '220705', '2194', 'cancel', 13490891.00, '2024-12-28 17:29:49', 'hhhhhuyyyyy1803@gmail.com'),
(55, 'G8Y9FQX6', 'Quốc Huy', '0336657490', '123', '140307', '3230', 'cancel', 1983104.00, '2024-12-28 17:39:41', 'hhhhhuyyyyy1803@gmail.com');

-- --------------------------------------------------------

--
-- Table structure for table `order_items`
--

CREATE TABLE `order_items` (
  `item_id` int(11) NOT NULL,
  `order_id` int(11) DEFAULT NULL,
  `product_id` int(11) DEFAULT NULL,
  `product_name` varchar(100) NOT NULL,
  `quantity` int(11) NOT NULL,
  `price` decimal(10,2) NOT NULL
) ENGINE=InnoDB DEFAULT CHARSET=utf8 COLLATE=utf8_unicode_ci;

--
-- Dumping data for table `order_items`
--

INSERT INTO `order_items` (`item_id`, `order_id`, `product_id`, `product_name`, `quantity`, `price`) VALUES
(48, 45, 2, 'Giường Ngủ Gỗ Tràm MALAGA 301 V2', 1, 8071000.00),
(49, 45, 1, 'Ghế Sofa Gỗ Tràm Tự Nhiên KOLDING 701', 1, 12173000.00),
(50, 46, 2, 'Giường Ngủ Gỗ Tràm MALAGA 301 V2', 1, 8071000.00),
(51, 47, 1, 'Ghế Sofa Gỗ Tràm Tự Nhiên KOLDING 701', 21, 12173000.00),
(52, 48, 35, 'Bàn Sofa – Bàn Cafe – Bàn Trà Gỗ MOHO OSLO 901', 2, 1971000.00),
(53, 48, 30, 'Nệm Cao Su Thiên Nhiên 1 Mặt Lỗ Nhỏ Nhiều Kích Thước (Bảo Hành 12 Năm)', 1, 10350000.00),
(54, 49, 35, 'Bàn Sofa – Bàn Cafe – Bàn Trà Gỗ MOHO OSLO 901', 2, 1971000.00),
(55, 49, 30, 'Nệm Cao Su Thiên Nhiên 1 Mặt Lỗ Nhỏ Nhiều Kích Thước (Bảo Hành 12 Năm)', 1, 10350000.00),
(56, 50, 26, 'Ghế Sofa Gỗ Cao Su Tự Nhiên MOHO FYN 901', 5, 14841000.00),
(57, 51, 26, 'Ghế Sofa Gỗ Cao Su Tự Nhiên MOHO FYN 901', 1, 13356900.00),
(58, 52, 35, 'Bàn Sofa – Bàn Cafe – Bàn Trà Gỗ MOHO OSLO 901', 1, 1971000.00),
(59, 53, 26, 'Ghế Sofa Gỗ Cao Su Tự Nhiên MOHO FYN 901', 1, 13356900.00),
(60, 54, 26, 'Ghế Sofa Gỗ Cao Su Tự Nhiên MOHO FYN 901', 1, 13356900.00),
(61, 55, 34, 'Bàn Ăn Gỗ Tràm Tự Nhiên MOHO NYBORG 301', 1, 1849113.00);

-- --------------------------------------------------------

--
-- Table structure for table `promotions`
--

CREATE TABLE `promotions` (
  `id` int(11) NOT NULL,
  `code` varchar(50) NOT NULL,
  `description` varchar(255) DEFAULT NULL,
  `discount` decimal(5,2) NOT NULL,
  `start_date` datetime NOT NULL,
  `end_date` datetime NOT NULL,
  `status` enum('active','inactive') DEFAULT 'active'
) ENGINE=InnoDB DEFAULT CHARSET=utf8 COLLATE=utf8_unicode_ci;

--
-- Dumping data for table `promotions`
--

INSERT INTO `promotions` (`id`, `code`, `description`, `discount`, `start_date`, `end_date`, `status`) VALUES
(3, 'TATCASANPHAM', 'Giảm giá tất cả sản phẩm - 10% cho tất cả sản phẩm', 10.00, '2024-10-01 00:00:00', '2024-12-31 00:00:00', 'active'),
(4, 'BLACKFRIDAY', 'Giảm giá Black Friday - 25% cho tất cả sản phẩm', 25.00, '2024-11-13 00:00:00', '2024-11-30 00:00:00', 'active'),
(22, 'NEWYEAR', 'Khuyến mãi Tết Nguyên Đán', 10.00, '2025-01-01 00:00:00', '2025-02-28 00:00:00', 'active'),
(23, 'SUMMER', 'Khuyến mãi Mùa Hè', 15.00, '2024-05-01 00:00:00', '2024-08-31 00:00:00', 'active'),
(24, 'NATIONALDAY', 'Khuyến mãi Lễ Quốc Khánh', 20.00, '2024-09-02 00:00:00', '2024-09-02 00:00:00', 'active'),
(25, 'LIBERATION', 'Khuyến mãi Lễ Giải Phóng Miền Nam', 25.00, '2024-04-30 00:00:00', '2024-04-30 00:00:00', 'active'),
(26, 'CHRISTMAS', 'Khuyến mãi Giáng Sinh', 30.00, '2024-12-01 00:00:00', '2024-12-25 00:00:00', 'active'),
(27, 'AUTUMN', 'Khuyến mãi Mùa Thu', 10.00, '2024-09-01 00:00:00', '2024-10-31 00:00:00', 'active'),
(28, 'Tinie', 'Dành cho em', 100.00, '2024-12-26 00:00:00', '2024-12-27 00:00:00', 'active');

-- --------------------------------------------------------

--
-- Table structure for table `san_pham`
--

CREATE TABLE `san_pham` (
  `id` int(11) NOT NULL,
  `tenSP` varchar(255) NOT NULL,
  `hinh_anh` varchar(100) DEFAULT NULL,
  `mo_ta` text DEFAULT NULL,
  `gia` decimal(10,2) NOT NULL,
  `soluong` int(11) DEFAULT NULL,
  `id_loaiSP` int(11) DEFAULT NULL,
  `loai_phong_id` int(11) DEFAULT NULL,
  `mo_ta_nho` text DEFAULT NULL COMMENT 'Mô tả nhỏ về vật liệu',
  `so_luong_ton_kho_min` int(11) DEFAULT 5,
  `gia_goc` decimal(10,2) DEFAULT NULL,
  `is_discounted` tinyint(1) DEFAULT 0
) ENGINE=InnoDB DEFAULT CHARSET=utf8 COLLATE=utf8_unicode_ci;

--
-- Dumping data for table `san_pham`
--

INSERT INTO `san_pham` (`id`, `tenSP`, `hinh_anh`, `mo_ta`, `gia`, `soluong`, `id_loaiSP`, `loai_phong_id`, `mo_ta_nho`, `so_luong_ton_kho_min`, `gia_goc`, `is_discounted`) VALUES
(1, 'Ghế Sofa Gỗ Tràm Tự Nhiên KOLDING 701', 'http://localhost:4000/uploads/file_1727899297462.jpg', '<p class=\"ql-align-center\">Ghế Sofa Gỗ Tràm Tự Nhiên MOHO KOLDING 701</p><h2 class=\"ql-align-center\"><strong style=\"color: black;\">1. THÔNG SỐ KỸ THUẬT</strong></h2><p class=\"ql-align-center\"><img src=\"https://file.hstatic.net/200000065946/file/noi-that-moho-ghe-sofa-go-tram-tu-nhien-kolding-701_3e374321fa334d79830767272eb45800_2048x2048.jpg\" alt=\"noi-that-moho-ghe-don-sofa-kolding-go-tram-701\"></p><h2>&nbsp;</h2><h2 class=\"ql-align-center\"><strong style=\"color: black;\">2. CHI TIẾT VẬT LIỆU</strong></h2><p class=\"ql-align-center\"><img src=\"https://file.hstatic.net/200000065946/file/noi-that-moho-chat-lieu-ghe-sofa-go-tram-kolding_ea9353ee9b09479998fd8932c1b866a4.jpg\" alt=\"Nội Thất MOHO ghế sofa gỗ tràm KOLDING\"></p><h3><strong>Gỗ tràm&nbsp;tự nhiên</strong></h3><p>Ghế sofa gỗ KOLDING làm từ gỗ tràm tự nhiên đảm bảo vệ độ chắc chắn cao, chống công vênh, mối mọt đảm bảo thẩm cho phòng khách đẹp của&nbsp;bạn.</p><p><strong>Tấm phản</strong></p><p>Sử dụng gỗ công nghiệp Plywood có độ bền cao, đạt chuẩn CARB-P2 an toàn tuyệt đối cho người sức khỏe người dùng và đạt chứng nhận FSC bảo vệ và phát triển rừng bền vững.</p><h3><strong>Vải bọc Polyester&nbsp;</strong></h3><p>Đệm ghế màu xám đậm được làm từ vải bọc polyester với độ bền đẹp cao, khả năng&nbsp;chống nhăn cực tốt, giúp ghế sofa KODLING kháng bụi bẩn và nấm mốc, đồng thời&nbsp;người dùng&nbsp;cũng dễ dàng vệ sinh.&nbsp;</p><p>&nbsp;</p><h2 class=\"ql-align-center\"><strong style=\"color: black;\">3. ĐẶC ĐIỂM NỔI BẬT</strong></h2><p>KOLDING&nbsp;là ngôi nhà của Trường thiết kế Kolding (Designskolen Kolding) nằm ở phía nam Jytland Danmark, một trường thiết kế đại học. Kolding cũng có một bến cảng với những con tàu công nghiệp cũ, nơi bộ sưu tập này được lấy cảm hứng từ những con tàu cổ tuyệt đẹp này. Chân sơn tĩnh điện màu đen và vẻ ngoài gỗ cũ là sự kết hợp giữa gỗ công nghiệp và gỗ tàu cũ làm cho ngôi nhà trông hiện đại theo phong cách Scandinavian nhất có thể khi kết hợp Sofa, kệ tivi&nbsp;và bàn cà phê, bạn có cảm giác như đang ở trong một thị trấn hiện đại ở Đan Mạch.</p><p><strong style=\"color: rgb(0, 0, 0);\">Ghế có thiết kế mạnh mẽ, vững chắc</strong></p><p>Ghế sofa gỗ tràm KOLDING là sự kết hợp của 02&nbsp;phong cách thiết kế đang được nhiều người tiêu dùng quan tâm, gồm phong cách Minimalism&nbsp;và&nbsp;thiết kế Industrial. Đây là ghế sofa băng dài phòng khách&nbsp;mang trong mình&nbsp;đường nét mạnh mẽ và hiện đại có thể kết hợp được nhiều không gian sống khác nhau.</p><p>Large da...s</p><p><br></p><p><br></p><p><br></p><p><br></p><p><br></p><p><br></p><p><img src=\"https://file.hstatic.net/200000065946/file/noi-that-moho-ghe-sofa-go-kolding-1-1_8fd9eac73fd04bcf8a1cdba8d2c06297.jpg\"></p><p><br></p><p><br></p><p><br></p><p><br></p><p><br></p><p><br></p><p><br></p><p>&nbsp;</p><p>Ghế</p><p>sofa có độ bền</p><p>cao nhờ vào&nbsp;bộ</p><p>khung chân sắt</p><p>sơn&nbsp;tĩnh điện</p><p><br></p><p><br></p><p><br></p><p><br></p><p><br></p><p>Chân ghế sofa băng&nbsp;được sử dụng vật liệu sắt giúp tăng độ cứng cáp và gia tăng sức trụ của ghế, bên cạnh đó là một lớp sơn tĩnh điện tạo nên màu sắc sang trọng kết hợp cùng với màu nâu của gỗ tràm đưa sản phẩm hòa quyện về phong cách và màu sắc. Trở thành điểm nhấn cho phòng khách gia đình của bạn.</p><p><img src=\"https://file.hstatic.net/200000065946/file/noi-that-moho-ghe-sofa-go-kolding-6_7ab7c61b941348cca904f9cde2b7139a.jpg\"></p><p><br></p><p><br></p><p><br></p><p><br></p><p><br></p><p><br></p><p><br></p><p>&nbsp;</p><p>Mú</p><p>t - nệm ghế</p><p>có độ đàn hồ</p><p>i ổn định</p><p><br></p><p><br></p><p><br></p><p><br></p><p>Loại mút của nệm ghế sofa gỗ tràm KOLDING được gia công&nbsp;tính&nbsp;đàn hồi cao, giúp cho nệm được duy trì tính ổn định lâu dài và hạn chế việc mút bị xẹp lún trong quá trình sử dụng - tăng&nbsp;cảm giác thoải mái cho người dùng. Ngoài ra, đệm lưng được căng phồng mềm mại, giúp người dùng cảm nhận được sự êm ái khi tựa lưng.</p><p>Thiết kết của đệm&nbsp;ghế gồm 03 phần&nbsp;tách biệt: đệm tay, đệm lưng, đệm ngồi. Bạn dễ dàng tháo rời&nbsp;để vệ sinh sản phẩm&nbsp;hoặc biến tấu sử dụng đệm theo sở thích riêng.</p><p><img src=\"https://file.hstatic.net/200000065946/file/noi-that-moho-ghe-sofa-go-kolding-nem-ngoi-em-ai_b9023aecae764ba9931807e1194a3c07.jpg\"></p><p><br></p><p><br></p><p><br></p><p><br></p><p><br></p><p><br></p><p><br></p><p><img src=\"https://file.hstatic.net/200000065946/file/noi-that-moho-ghe-sofa-go-kolding-dem-ngoi-em-ai_07f5cccf236b4009bb511dcaa240dc9b.jpg\"></p><p><br></p><p><br></p><p><br></p><p><br></p><p><br></p><p><br></p><p>&nbsp;</p><p>Băng dính</p><p>gai - c</p><p>ố định n</p><p>ệm ngồi&nbsp;</p><p><br></p><p><br></p><p><br></p><p><br></p><p>Bên cạnh khóa dán chống trượt, ghế sofa gỗ KOLDING&nbsp;còn&nbsp;được gia tăng thêm độ chắc chắn với băng dính gai cho phần nệm ngồi, an toàn&nbsp;sử dụng khi nhà có trẻ nhỏ. Giúp bạn thoải mái nằm, ngồi, vui chơi mà không lo đệm trượt ra khỏi băng ghế.</p><p><img src=\"https://file.hstatic.net/200000065946/file/noi-that-moho-ghe-sofa-go-kolding-bang-dan-co-dinh_cd5793723e61412a84dccb49e7d5c7c9.jpg\"></p><p><br></p><p><br></p><p><br></p><p><br></p><p><br></p><p><br></p><p>&nbsp;</p><p>Vải bọc</p><p>ghế</p><p>sofa</p><p>dễ dàng</p><h3>tháo rời t</h3><p>iện lợi&nbsp;</p><p><br></p><p><br></p><p><br></p><p><br></p><p><br></p><p><br></p><p>Ghế Sofa có thiết kế vải bọc xám đậm bắt mắt, sang trọng&nbsp;với khóa kéo linh động, giúp bạn&nbsp;dễ dàng vệ sinh mà vẫn đảm bảo tính thẩm mỹ của sản phẩm.</p><p><img src=\"https://file.hstatic.net/200000065946/file/noi-that-moho-ghe-sofa-go-kolding-nem-khoa-keo_3d7c13f78ef9463db299cdf952be6dde.jpg\"></p><p><br></p><p><br></p><p><br></p><p><br></p><p><br></p><p><br></p><p>&nbsp;</p><p>Vải b</p><p>ọc</p><p>s</p><p>ợi t</p><h3>ổng hợp </h3><h3>- Soil r<strong>elease</strong></h3><p><br></p><p><br></p><p><br></p><p><br></p><p><br></p><p><br></p><p>Tấm nệm của ghế sofa gỗ KOLDING&nbsp;sử dụng vải bọc sợi tổng hợp với khả năng hỗ trợ&nbsp;chống thấm cao, giúp ngăn chặn các chất lỏng như nước, dầu và các thức uống có màu thấm vào bên trong - thay vào đó&nbsp;các chất lỏng sẽ trượt khỏi bề mặt của vải nhanh chóng, giúp sản phẩm giữ được độ mới và dễ dàng vệ sinh.</p><p><img src=\"https://file.hstatic.net/200000065946/file/noi-that-moho-ghe-sofa-go-kolding-7_b07e3318caca47eca2b4627507b3efb5.jpg\"></p><p><br></p><p><br></p><p><br></p><p><br></p><p><br></p><p><br></p><p>&nbsp;</p><p>Dễ</p><p>d</p><p>àng v</p><h3>ệ sin<strong>h với độ cao thoáng đãng</strong></h3><p><br></p><p><br></p><p><br></p><p><br></p><p>Chân ghế tạo khoảng cách gầm lên đến 16cm&nbsp;- khoảng trống lớn giúp người dùng, robot hút bụi có thể lau dọn dưới sàn sofa một cách dễ dàng.</p><p><img src=\"https://file.hstatic.net/200000065946/file/robot-hut-bui-kolding-sofa-701_c4b1a8a6b6674cbfae8cff126a728cf1.jpg\"></p><p><br></p><p><br></p><p><br></p><p>&nbsp;</p><p>4</p><p>. </p><p class=\"ql-align-center\">KH<strong style=\"color: black;\">ÔNG GIAN SỐNG</strong></p><p><br></p><p><br></p><p><br></p><p>Bộ sưu tập KOLDING lấy cảm hứng từ công trình kiến trúc ở thành phố cảng Kolding, được biết đến với công trình đầu tiên sử dụng năng lượng ánh sáng tự nhiên thông qua vật liệu kim loại vào năm 2015 của Đan Mạch. Bộ sưu tập KOLDING gồm 2 vật liệu chính là sắt sơn tĩnh điện và gỗ tràm tự nhiên, là lựa chọn phù hợp cho không gian nội thất hiện đại, tối giản và độc đáo.</p><p>Sofa KOLDING là ghế băng dài cho phòng khách có diện tích rộng rãi, có thể kết hợp cùng với&nbsp;</p><p>b<a href=\"https://moho.com.vn/collections/ban-sofa-ban-cafe-ban-tra\" rel=\"noopener noreferrer\" target=\"_blank\" style=\"color: rgb(46, 116, 181);\"><strong>àn trà sofa</strong></a></p><p><strong style=\"color: rgb(46, 116, 181);\">,&nbsp;</strong><a href=\"https://moho.com.vn/collections/tu-ke-tivi\" rel=\"noopener noreferrer\" target=\"_blank\" style=\"color: rgb(46, 116, 181);\"><strong>tủ kệ tivi</strong></a><strong style=\"color: rgb(46, 116, 181);\">,&nbsp;</strong><a href=\"https://moho.com.vn/collections/tu-giay-tu-trang-tri\" rel=\"noopener noreferrer\" target=\"_blank\" style=\"color: rgb(46, 116, 181);\"><strong>tủ giày trang trí</strong></a>&nbsp;trong cùng bộ sưu tập để tạo nên không gian&nbsp;<a href=\"https://moho.com.vn/collections/phong-khach\" rel=\"noopener noreferrer\" target=\"_blank\" style=\"color: rgb(46, 116, 181);\"><strong>nội thất&nbsp;phòng khách</strong></a>&nbsp;hoàn chỉnh đầy hiện đại và mạnh mẽ.</p><p><img src=\"https://file.hstatic.net/200000065946/file/noi-that-moho-ghe-sofa-go-kolding-4_b18fbfcc53c743a8ae51f4d1b52bc0dd.jpg\" alt=\"Nội Thất MOHO ghế sofa gỗ tràm KOLDING\"></p><p><img src=\"https://file.hstatic.net/200000065946/file/noi-that-moho-ghe-sofa-go-kolding-5_35b23ee5357647fcb239658403002acf.jpg\" alt=\"Nội Thất MOHO ghế sofa gỗ tràm KOLDING\"></p><p><img src=\"https://file.hstatic.net/200000065946/file/bo-noi-that-phong-khach-kolding_e2c54603ef264476bdc59adc71b440b0.jpg\" alt=\"Bộ nội thất phòng khách gồm sofa, bàn trà, tủ kệ tivi KOLDING\"></p>', 7668990.00, 4, 3, 1, '<p><strong>Kích thước:&nbsp;</strong>Dài 200cm x Rộng 86cm x Cao 79.5cm</p><p><strong>Chất liệu:</strong></p><p><strong>- Gỗ tràm tự nhiên&nbsp;</strong></p><p><strong>- Chân ghế làm bằng sắt sơn tĩnh điện</strong></p><p><strong>- Vải bọc sợi tổng hợp có khả năng chống thấm nước và dầu&nbsp;</strong></p><p><em>-&nbsp;</em>Tấm phản: Gỗ công nghiệp Plywood chuẩn CARB-P2 (*)&nbsp;</p>', 5, 8521100.00, 1),
(2, 'Giường Ngủ Gỗ Tràm MALAGA 301 V2', 'http://localhost:4000/uploads/file_1730546590963.webp', '<p class=\"ql-align-center\"><a href=\"https://moho.com.vn/collections/giuong-ngu\" rel=\"noopener noreferrer\" target=\"_blank\" style=\"color: rgb(67, 67, 67);\">GIƯỜNG NGỦ GỖ</a>&nbsp;TRÀM MOHO MALAGA 301</p><h2><strong>1. THÔNG SỐ KỸ THUẬT</strong></h2><p><strong>Kích thước lọt lòng: phù hợp với nệm 1m6/ 1m8 x 2m</strong></p><p><strong>Kích thước phủ bì:&nbsp;Dài 207cm, Rộng 166/186cm, Cao 95cm</strong></p><p class=\"ql-align-center\"><img src=\"https://file.hstatic.net/200000065946/file/206cm_2048x2048.jpg\"></p><p>&nbsp;</p><h2><strong>2. CHI TIẾT VẬT LIỆU</strong></h2><p><strong>Gỗ tràm tự nhiên</strong></p><p>Giường ngủ làm&nbsp;<a href=\"https://moho.com.vn/blogs/noi-that-ung-dung/tim-hieu-ve-cac-loai-go-tu-nhien-thong-dung\" rel=\"noopener noreferrer\" target=\"_blank\" style=\"color: rgb(67, 67, 67);\"><strong><u>gỗ tràm</u></strong></a>&nbsp;tự nhiên đảm bảo sản phẩm có&nbsp;độ chắc chắn cao, chống công vênh, mối mọt trong suốt thời gian sử dụng.</p><p><strong>Gỗ công nghiệp Plywood</strong></p><p>Tấm phảm sử dụng chất liệu Plywood 12mm theo tiêu chuẩn CARBP2 vừa thân thiện với môi trường, đảm bảo sức khỏe và đặc biệt độ chịu lực tại 1 khu vực với diện tích 400 x 488mm lên tới 175kg khi dùng nệm trên 15cm.</p><p class=\"ql-align-center\"><img src=\"https://file.hstatic.net/200000065946/file/noi-that-moho-go-tram-tu-nhien-go-cong-nghiep-plywood_ea3ea1523c4c4dcf833234ab245ae8c5.jpg\" alt=\"Giường ngủ gỗ HOBRO làm từ gỗ tràm và gỗ công nghiệp\"></p><p>&nbsp;</p><h2><strong>3. ĐẶC ĐIỂM NỔI BẬT</strong></h2><p class=\"ql-align-justify\">Thành phố MALAGA ngập tràn ánh sáng mặt trời, lắng đọng chút yên bình của khung cảnh chim bồ câu trên những cây ngô đồng tại quảng trường chính là nguồn cảm hứng tạo thiết kế cho&nbsp;<a href=\"https://moho.com.vn/collections/malaga-collection\" rel=\"noopener noreferrer\" target=\"_blank\" style=\"color: rgb(67, 67, 67);\"><strong><u>bộ sưu tập nội thất</u></strong></a><strong>&nbsp;MALAGA</strong>.&nbsp;</p><p class=\"ql-align-justify\"><strong>Kiểu dáng thiết kế tối giản</strong></p><p>Đối lập với sự&nbsp;đông đúc, đậy nhộn nhịp tại MALAGA,&nbsp;sản phẩm với&nbsp;thiết kế tối giản hạn chế&nbsp;chi tiết mang đến cho bạn sự thông thoáng, đầy&nbsp;thoải mái và thư giản. Tone màu tự nhiên&nbsp;tạo nên sự sang trọng cho giường ngủ MALAGA cũng mang lại cảm giác ấm cúng cho phòng ngủ nhà bạn.</p><p class=\"ql-align-center\"><img src=\"https://file.hstatic.net/200000065946/file/noi-that-moho-giuong-ngu-go-malaga-nau-1_c33f1fc79c114b5e833d308890a26cb2.jpg\" alt=\"Giường ngủ gỗ MALAGA 4\"></p><p>&nbsp;</p><p><strong>Tấm phản chắc chắn</strong></p><p class=\"ql-align-justify\">Giường ngủ MALAGA có&nbsp;thiết kế nguyên tấm, phản giường dày 12mm, sở hữu&nbsp;độ chịu lực tại 1 khu vực có diện tích 400 x 488mm lên tới 175kg. Đặc biệt, kết cấu tấm phản đã được cải tiến mới với 4 tấm sếp dọc làm tăng khả năng chịu lực lên gấp 4 lần, đảm bảo sự vững chắc&nbsp;khi dùng nệm trên 15cm.</p><p class=\"ql-align-center\"><img src=\"https://file.hstatic.net/200000065946/file/noi-that-moho-tam-phang-giuong-ngu-chiu-luc_0971aed2957044b3b531b1eb10c2f123.jpg\" alt=\"Tấm phản giường ngủ gỗ chịu lực cao\"></p><p class=\"ql-align-justify\">&nbsp;</p><h3><strong>Kết cấu đầu giường vô cùng chắc chắn</strong></h3><p>Khung đầu giường được thiết kế đơn giản và là điểm nhấn chính&nbsp;của sản phẩm, giường ngủ sở hữu&nbsp;tính thẩm mỹ theo quy tắc bất biến \"Less is more\".</p><p class=\"ql-align-center\"><img src=\"https://file.hstatic.net/200000065946/file/noi-that-moho-giuong-ngu-go-malaga-nau-3_dc48030301b247c09a286e1aedfe86c3.jpg\" alt=\"Giường ngủ gỗ MALAGA 301 6\"></p><h3>&nbsp;</h3><h3><strong>Bộ khung kim loại vững chãi</strong></h3><p>Khung đỡ cố định được làm bằng sắt kết hợp với vạt giường gỗ, nhân đôi sự chắc chắn cho giường ngủ.</p><p class=\"ql-align-center\"><img src=\"https://file.hstatic.net/200000065946/file/206cm__1__78118c568c9c4e93bf12e7e25040b7c7_2048x2048.jpg\"></p><p>&nbsp;</p><h3><strong>Chiều cao chân giường phù hợp</strong></h3><p>Robot hút bụi có thể dễ dàng lau dọn gầm giường.</p><p><strong>Chân giường&nbsp;tràm tự nhiên</strong></p><p>Với chất liệu gỗ tràm chắc chắn cho chân trụ vững chắc, tối ưu khả năng chịu lực cho giường ngủ MALAGA.</p><p class=\"ql-align-center\"><img src=\"https://file.hstatic.net/200000065946/file/dsc02946_2048x2048.jpg\"></p><h2 class=\"ql-align-justify\"><strong>Logo MOHO</strong></h2><p class=\"ql-align-justify\">Logo thương hiệu độc quyền&nbsp;của&nbsp;<a href=\"https://moho.com.vn/\" rel=\"noopener noreferrer\" target=\"_blank\" style=\"color: rgb(67, 67, 67);\">nội thất</a>&nbsp;MOHO, chống hàng giả, hàng&nbsp;nhái.</p><p class=\"ql-align-center\"><img src=\"https://file.hstatic.net/200000065946/file/dsc02935_2048x2048.jpg\"></p><h2><strong>4. KHÔNG GIAN SỐNG</strong></h2><p class=\"ql-align-justify\">Với 3 đặc điểm nổi bật như: thiết kế tối giản và hiện đại, sử dụng chất liệu gỗ tự nhiên, màu nâu trầm sang trọng.&nbsp;<a href=\"https://moho.com.vn/collections/giuong-ngu\" rel=\"noopener noreferrer\" target=\"_blank\" style=\"color: rgb(67, 67, 67);\">Giường ngủ</a>&nbsp;MALAGA là một gợi ý&nbsp;cho một không gian&nbsp;<a href=\"https://moho.com.vn/collections/phong-ngu\" rel=\"noopener noreferrer\" target=\"_blank\" style=\"color: rgb(67, 67, 67);\"><strong><u>nội thất phòng ngủ</u></strong></a>&nbsp;hoàn hảo.</p><p class=\"ql-align-center\"><img src=\"https://file.hstatic.net/200000065946/file/noi-that-moho-giuong-ngu-go-tram-malaga-9_03eab5a7459d4c81b256d185b4d3621e.jpg\" alt=\"Giường ngủ gỗ tràm MOHO MALAGA V2\"></p><p class=\"ql-align-center\"><img src=\"https://file.hstatic.net/200000065946/file/dsc02811_2048x2048.jpg\"></p><p><br></p>', 10377000.00, 14, 5, 2, '<p><strong>Kích thước phủ bì:</strong></p><p>- Dài 206cm x Rộng 166/ 186cm (Phù hợp với nệm 160/180cm x 2m)</p><p>- Cao đến đầu giường 95cm</p><p><em>Khoảng trống đầu giường cao 17cm</em></p><p><strong>Chất liệu:</strong></p><p>- Thân giường: Gỗ tràm tự nhiên</p><p>- Tấm phản: Gỗ plywood chuẩn CARB-P2 (*)</p>', 5, 11530000.00, 1),
(17, 'Tủ Quần Áo Gỗ MOHO VIENNA 201 2 Cánh', 'http://localhost:4000/uploads/file_1732188812797.webp', '<p>TỦ QUẦN ÁO&nbsp;MOHO VIENNA 201 2 CÁNH (4 MÀU)<strong>1. THÔNG SỐ KỸ THUẬT</strong><img src=\"https://file.hstatic.net/200000065946/file/noi-that-moho-vienna-tu-quan-ao-1_8fe62484ce0d4c899d3685198bc1a22b.jpg\" alt=\"noi-that-moho-vienna-tu-quan-ao-1\">&nbsp;<strong>2. CHI TIẾT VẬT LIỆUGỗ công nghiệp</strong>Sản phẩm&nbsp;sử dụng chất liệu&nbsp;<a href=\"https://moho.com.vn/blogs/noi-that-ung-dung/go-cong-nghiep-la-gi-cac-loai-go-cong-nghiep-hien-nay\" rel=\"noopener noreferrer\" target=\"_blank\" style=\"color: rgb(67, 67, 67);\"><strong><u>gỗ công nghiệp</u></strong></a>&nbsp;(PB, MDF) đạt chuẩn&nbsp;<a href=\"https://moho.com.vn/blogs/news/noi-that-moho-dat-chuan-carb-p2-an-toan-cho-suc-khoe\" rel=\"noopener noreferrer\" target=\"_blank\" style=\"color: rgb(67, 67, 67);\"><strong><u>CARB-P2</u></strong></a>&nbsp;an toàn tuyệt đối cho người sức khỏe người dùng và đạt&nbsp;<a href=\"https://moho.com.vn/blogs/noi-that-ung-dung/chung-nhan-fsc-chung-nhan-bao-ve-rung-quy-mo-toan-cau\" rel=\"noopener noreferrer\" target=\"_blank\" style=\"color: rgb(67, 67, 67);\"><strong><u>chứng nhận FSC</u></strong></a>&nbsp;bảo vệ và phát triển rừng.<strong>Hộp kim nhôm</strong>Thanh treo hợp kim nhôm, chống gỉ sét.<img src=\"https://file.hstatic.net/200000065946/file/noi-that-moho-vienna-tu-quan-ao-3_d300470ca5044d5aaf5c8d47a3f90acc.jpg\" alt=\"noi-that-moho-vienna-tu-quan-ao-2\">&nbsp;<strong>3. ĐẶC ĐIỂM NỔI BẬT</strong>VIENNA&nbsp;là niềm ao ước đặt chân đến của nhiều người bởi nó là thủ đô nổi tiếng bậc nhất về sự lộng lẫy của các tòa lâu đài nguy nga, tráng lệ. Đây là nguồn cảm hứng&nbsp;cho&nbsp;<a href=\"https://moho.com.vn/collections/vienna-collection\" rel=\"noopener noreferrer\" target=\"_blank\" style=\"color: rgb(67, 67, 67);\"><strong><u>bộ sưu tập nội thất</u></strong></a>&nbsp;<strong>VIENNA</strong>, nhờ vậy mà các&nbsp;sản phẩm thuộc bộ sưu tập này đều mang nét hiện đại của thủ đô nước Áo.<strong>Kiểu dáng tối giản, hiện đại</strong>Với màu sắc và lối thiết kế đơn giản dễ kết hợp các mẫu&nbsp;<a href=\"https://moho.com.vn/\" rel=\"noopener noreferrer\" target=\"_blank\" style=\"color: rgb(41, 128, 185);\"><strong>nội thất</strong></a>&nbsp;khác nhưng lại mang đến không gian hiện đại và sang trọng.<strong>Tối ưu hóa không gian lưu trữ</strong>Là chiếc tủ kết hợp gữa ngăn kệ,&nbsp;thanh treo giúp lưu trữ một cách linh hoạt, gọn gàng và có thể chứa được một lượng đồ lớn.<img src=\"https://file.hstatic.net/200000065946/file/noi-that-moho-vienna-tu-quan-ao-4_8fd741e5197442a0b2445b19ac505229.jpg\" alt=\"noi-that-moho-vienna-tu-quan-ao-3\">&nbsp;<strong>Thanh treo hợp kim nhôm</strong>Chịu lực, chống rỉ sét.<img src=\"https://file.hstatic.net/200000065946/file/noi-that-moho-vienna-tu-quan-ao-5_8d5257176f7542dc9bcf8f68a52c3717.jpg\" alt=\"noi-that-moho-vienna-tu-quan-ao-5\">&nbsp;<strong>Bản lề IVANs</strong>Bản lề giảm chấn, không rỉ sét,&nbsp;giúp thao tác nhẹ nhàng khi đóng mở tủ.<img src=\"https://file.hstatic.net/200000065946/file/noi-that-moho-vienna-tu-quan-ao-6_7ae19c7e221b461b82529f5892af3e83.jpg\" alt=\"noi-that-moho-vienna-tu-quan-ao-6\">&nbsp;<strong>Ngăn tủ linh hoạt</strong>Ngăn tủ có thể tùy chỉnh được độ rộng của hộc.<img src=\"https://file.hstatic.net/200000065946/file/noi-that-moho-vienna-tu-quan-ao-7_9b6d5cf57138470ab7c6e85a15f8d3ba.jpg\" alt=\"noi-that-moho-vienna-tu-quan-ao-7\">&nbsp;<strong>Thiết kế tủ thông minh có thể ghép thêm tủ</strong>Có thể lựa chọn tách rời hoặc ghép thêm với Tủ quần áo VIENNA khác một cách linh hoạt.<strong>Có 4&nbsp;màu sắc để lựa chọn</strong>Màu gỗ tự nhiên, màu trắng,&nbsp;màu trắng phối gỗ và màu nâu.<img src=\"https://file.hstatic.net/200000065946/file/noi-that-moho-vienna-tu-quan-ao-8_412a0d5f8699403cb52ffbea25cbe1a0.jpg\" alt=\"noi-that-moho-vienna-tu-quan-ao-8\">&nbsp;<strong>Chân nhựa giúp nâng đỡ sản phẩm, giảm trầy xước</strong>Bảo vệ sàn nhà giảm trầy xước và dễ dàng khi di chuyển sản phẩm.<img src=\"https://file.hstatic.net/200000065946/file/noi-that-moho-vienna-tu-quan-ao-9_77f56dc8e9a442d9bdd692e4918e4943.jpg\" alt=\"noi-that-moho-vienna-tu-quan-ao-9\">&nbsp;<strong>4. KHÔNG GIAN SỐNG</strong><a href=\"https://moho.com.vn/collections/tu-quan-ao\" rel=\"noopener noreferrer\" target=\"_blank\" style=\"color: rgb(67, 67, 67);\"><strong>Tủ quần áo</strong></a>&nbsp;VIENNA là món nội thất không thể bỏ qua cho không gian&nbsp;<a href=\"https://moho.com.vn/collections/phong-ngu\" rel=\"noopener noreferrer\" target=\"_blank\" style=\"color: rgb(67, 67, 67);\"><strong><u>nội thất phòng ngủ</u></strong></a>&nbsp;hiện đại.<img src=\"https://file.hstatic.net/200000065946/file/noi-that-moho-vienna-tu-quan-ao-10_8b370d1937db4491a0a60bf10d3c5ba4.jpg\" alt=\"noi-that-moho-vienna-tu-quan-ao-10\"></p>', 8082000.00, 10, 3, 2, '<p>Kích thước: Dài 100cm x Rộng 60cm x Cao 2m1</p><p>Chất liệu:</p><p>Tủ quần áo VIENNA Tay Nắm:</p><p>- Cánh tủ + Thân tủ: Gỗ công nghiệp MFC phủ Melamin chuẩn CARB-P2 (*)</p><p>- Lưng tủ: Gỗ công nghiệp MDF phủ Melamin chuẩn CARB-P2 (*)</p><p>- Thanh treo: Hợp kim nhôm, chống gỉ sét</p>', 5, 8980000.00, 1),
(18, 'Bàn Làm Việc Gỗ MOHO FYN 601 Màu Nâu', 'http://localhost:4000/uploads/file_1732047438620.jpg', '<p class=\"ql-align-center\"><strong>Bàn Làm Việc Gỗ MOHO FYN 601 Màu Nâu</strong></p><h2 class=\"ql-align-center\"><strong>1. THÔNG SỐ KỸ THUẬT</strong></h2><p class=\"ql-align-center\"><img src=\"https://file.hstatic.net/200000065946/file/kich-thuoc-ban-fyn_1024x1024.png\" alt=\"kich-thuoc-ban-lam-viec-fyn\"></p><p>&nbsp;</p><h2 class=\"ql-align-center\"><strong>2. CHI TIẾT VẬT LIỆU</strong></h2><h2><strong>Gỗ tràm tự nhiên</strong></h2><p>Giúp cho phần khung bàn giúp sản phẩm có khả năng chịu lực tốt và độ bền cao, chống mối mọt tốt cùng với màu sắc đẹp và hài hòa.</p><h3><strong>Gỗ công nghiệp, Veneer tràm tự nhiên</strong></h3><p>Bề mặt sản phẩm sử dụng gỗ công nghiệp MDF phủ Veneer gỗ tràm tự nhiên cho bề mặt vân gỗ tinh tế, bền màu, nhẵn và sáng bóng. Đồng thời, giúp sản phẩm không bị co ngót, nứt khi thời tiết thay đổi.</p><p>Chất liệu gỗ công nghiệp MDF đạt chuẩn CARB-P2 và chứng nhận FSC thân thiện với môi trường.</p><p><img src=\"https://file.hstatic.net/200000065946/file/noi-that-moho-vline-ban-sofa-nat-2_43def24951274bf0a620732751d44675.jpg\" alt=\"noi-that-moho-vline-ban-sofa-nat-2\"></p><p>&nbsp;</p><h2 class=\"ql-align-center\"><strong>3. ĐẶC ĐIỂM NỔI BẬT</strong></h2><p>Đề cao tính tiện nghi và tối giản trong không gian sống, MOHO mang đến thiết kế bàn làm việc FYN hiện đại, màu sắc trang nhã. Bàn làm việc FYN bổ sung cho không gian nhà bạn một sản phẩm đầy tính tiện nghi và thiết kế tinh tế, không chỉ giúp bạn đạt được hiệu suất làm việc tối đa mà còn mang đến cho góc làm việc của bạn thêm tính hài hòa về mặt thị giác.</p><h3><strong>Kiểu dáng bàn học, bàn làm việc thể hiện nét tinh tế, tối giản, hiện đại</strong></h3><p>Bàn làm việc FYN sở hữu thiết kế đơn giản, không cầu kỳ nhưng được xử lý tỉ mỉ từng chi tiết. Với các đường nét bo góc tại mặt bàn cùng với dán veneer tràm tự nhiên tại phần mặt hộc tủ, tạo nên cảm giác sang trọng và hiện đại cho góc làm việc, học tập&nbsp;của bạn.</p><p class=\"ql-align-center\"><img src=\"https://file.hstatic.net/200000065946/file/noi-that-moho-ban-hoc-lam-viec-go-fyn-1_13d33173349c417cb71e37713cb6631f.jpg\" alt=\"Bàn Làm Việc Gỗ MOHO FYN 601 Màu Nâu tinh tế, hiện đại\"></p><p>&nbsp;</p><h3><strong>Mặt bàn được thiết kế tinh tế mang lại sự thoải mái khi sử dụng</strong></h3><p>Bên cạnh các góc bàn được bo cong tinh tế, mặt bàn FYN còn được cắt một đường hoàn mỹ ngay cạnh, tạo một điểm tựa hoàn hảo cho bạn, giúp bạn sẽ vô cùng thoải mái khi tựa tay để làm việc trên máy tính của bạn cả một ngày dài.</p><p class=\"ql-align-center\"><img src=\"https://file.hstatic.net/200000065946/file/noi-that-moho-ban-hoc-lam-viec-go-fyn-4_dbba628902024d13a80b6c9262cfc528.jpg\" alt=\"Bàn Làm Việc Gỗ MOHO FYN 601 Màu Nâu tiện lợi\"></p><p>&nbsp;</p><h3><strong>Cụm hộc bàn, ngăn kéo&nbsp;tối giản, tiện ích cao</strong></h3><p>Bàn làm việc FYN sỡ hữu 2 hộc kéo nhỏ gọn với kích thước lọt lòng W230 X D400 X H70. Tuy nhỏ gọn nhưng vẫn mang lại tính tiện lợi cao khi kích thước có thể bỏ vừa giấy a4, ipad, laptop 14 in,…&nbsp;vô cùng tiện lợi giúp bạn có thể kéo hộc ra lấy đồ mà không cần phải di chuyển. Bên cạnh đó, hộc bàn có thể kéo ra tối đa, giúp bạn có thể đặt và lấy những món đồ sâu trong hộc.</p><p class=\"ql-align-center\"><img src=\"https://file.hstatic.net/200000065946/file/noi-that-moho-ban-hoc-lam-viec-go-fyn-6_53dc4382b36547388330158ea925a8fe.jpg\" alt=\"Hộc bàn làm việc gỗ FYN\"></p><p>&nbsp;</p><h3><strong>Bàn có thiết kế chắc chắn cho học tập và làm việc</strong></h3><p>Khung bàn chắc chắn với 2 chân được thiết kế theo hình thang, với bản chân dày 50mm và 4 thanh giằng hỗ trợ, 2 thanh sau và 2 thanh bên hông.</p><p class=\"ql-align-center\"><img src=\"https://file.hstatic.net/200000065946/file/noi-that-moho-ban-hoc-lam-viec-go-fyn-5_6b991a5e097b4550850b29baee49e12b.jpg\" alt=\"Khung bàn làm việc gỗ FYN chắc chắn\"></p><p class=\"ql-align-center\">&nbsp;</p><h2 class=\"ql-align-center\"><strong>4. KHÔNG GIAN SỐNG</strong></h2><p><a href=\"https://moho.com.vn/collections/ban-lam-viec\" rel=\"noopener noreferrer\" target=\"_blank\" style=\"color: rgb(67, 67, 67);\"><strong>Bàn làm việc</strong></a>&nbsp;FYN mang đậm phong cách Japandi, góp phần vào&nbsp;<a href=\"https://moho.com.vn/collections/phong-lam-viec\" rel=\"noopener noreferrer\" target=\"_blank\" style=\"color: rgb(67, 67, 67);\"><strong>phòng làm việc</strong></a>, học trập&nbsp;trong nhà bạn trở nên trang nhã, hiện đại, tối giản về mặt thiết kế. Bàn làm việc FYN kết hợp tốt với 2 loại ghế sau:&nbsp;<a href=\"https://moho.com.vn/products/ghe-an-go-cao-su-tu-nhien-moho-viborg-601\" rel=\"noopener noreferrer\" target=\"_blank\" style=\"color: rgb(67, 67, 67);\"><strong>ghế ăn Viborg</strong></a>&nbsp;và&nbsp;<a href=\"https://moho.com.vn/products/ghe-an-go-cao-su-tu-nhien-moho-nexo-602\" rel=\"noopener noreferrer\" target=\"_blank\" style=\"color: rgb(67, 67, 67);\"><strong>ghế ăn Nexo</strong></a>. Không gian&nbsp;<a href=\"https://moho.com.vn/\" rel=\"noopener noreferrer\" target=\"_blank\" style=\"color: rgb(67, 67, 67);\"><strong>nội thất</strong></a>&nbsp;của nhà bạn sẽ trở nên vô cùng hiện đại và nhẹ nhàng với thiết kế bo tròn giữa ghế và bàn kèm với màu đơn sắc sáng sủa.</p><p>Với ghế Nexo, không gian làm việc của bạn sẽ trở nên nhẹ nhàng và thoải mái với sự tiên nghi tối đa của ghế được bọc vải đệm phần lưng và phần ngồi cùng với phần mặt bàn cắt tiện lợi cho tựa tay. Giúp bạn có thể làm việc cả một ngày dài trong không gian của riêng bạn.</p><p class=\"ql-align-center\"><img src=\"https://file.hstatic.net/200000065946/file/noi-that-moho-ban-hoc-lam-viec-go-fyn-2_bd0d05c6c68343bb9f79e3f0e25dc109.jpg\" alt=\"Bàn Làm Việc Gỗ MOHO FYN 601 Màu Nâu đẹp\"></p>', 2961000.00, 10, 2, 3, '<p><strong>Kích thước bàn:&nbsp;</strong>Dài 120cm x Rộng 60cm x Cao 74cm</p><p><strong>Kích thước hộc kéo:</strong>&nbsp;Dài 23cm x Rộng 40cm x Cao 7cm</p><p><strong>Chất liệu:</strong></p><p>Mặt bàn: Gỗ công nghiệp PB chuẩn CARB-P2 (*), Veneer gỗ sồi tự nhiên</p><p>Chân bàn: Gỗ cao su tự nhiên</p><p>Cụm hộc tủ: Gỗ công nghiệp PB chuẩn CARB-P2 (*), phần mặt hộc tủ được dán veneer gỗsồi tự nhiên</p>', 5, 3290000.00, 1),
(19, 'Ghế Ăn Gỗ Cao Su Tự Nhiên MOHO FYN', 'http://localhost:4000/uploads/file_1732189111258.webp', '<p class=\"ql-align-center\"><a href=\"https://moho.com.vn/collections/ghe-an\" rel=\"noopener noreferrer\" target=\"_blank\" style=\"color: rgb(67, 67, 67);\">GHẾ ĂN GỖ</a>&nbsp;CAO SU FYN</p><h2 class=\"ql-align-center\"><strong>1. THÔNG SỐ KỸ THUẬT&nbsp;</strong></h2><p class=\"ql-align-center\"><img src=\"https://file.hstatic.net/200000065946/file/noi-that-moho-fyn-ghe-an-new_1_0d16a4c3a145460ab47a75a48af28b74.jpg\" alt=\"noi-that-moho-fyn-ghe-an-new_1\"></p><p>&nbsp;</p><h2 class=\"ql-align-center\"><strong>2. CHI TIẾT VẬT LIỆU</strong></h2><h3><strong>Gỗ cao su</strong></h3><p>Sử dụng chất liệu&nbsp;<a href=\"https://moho.com.vn/blogs/noi-that-ung-dung/tim-hieu-ve-cac-loai-go-tu-nhien-thong-dung\" rel=\"noopener noreferrer\" target=\"_blank\" style=\"color: rgb(67, 67, 67);\"><strong><u>gỗ cao su</u></strong></a>&nbsp;giúp sản phẩm có khả năng chịu lực và độ bền cao.</p><h3><strong>Vải bọc polyester&nbsp;</strong></h3><p>Vải bọc polyester chống nhăn, kháng bụi bẩn và nấm mốc, dễ dàng vệ sinh.&nbsp;</p><p class=\"ql-align-center\"><img src=\"https://file.hstatic.net/200000065946/file/noi-that-moho-fyn-ghe-an-new_2_da6beb1b67824541a93ad32babbf37d4.jpg\" alt=\"noi-that-moho-fyn-ghe-an-new_2\"></p><p class=\"ql-align-center\">&nbsp;</p><p class=\"ql-align-center\"><img src=\"https://file.hstatic.net/200000065946/file/noi-that-moho-fyn-ghe-an-new_3_ef23a7c0fdab4ef895b5c283a8351540.jpg\" alt=\"noi-that-moho-fyn-ghe-an-new_3\"></p><p><em>* Một số sản phẩm sử dụng gỗ tự nhiên có thể xuất hiện mắt gỗ ngẫu nhiên trên bề mặt sản phẩm, điều này là hoàn toàn tự nhiên, tạo nên sự độc đáo riêng cho từng sản phẩm. Vì vậy MOHO sẽ không áp dụng các chính sách đổi trả, bảo hành và bảo trì cho các trường hợp này.</em></p><p>&nbsp;</p><h2 class=\"ql-align-center\"><strong>3. ĐẶC ĐIỂM NỔI BẬT</strong></h2><p>Đề cao tính tiện nghi và tối giản trong không gian sống, MOHO mang đến thiết kế ghế ăn FYN hiện đại, màu sắc trang nhã, ghế có kết cấu cực kỳ chắc chắn với chất liệu gỗ cao su tự nhiên, kết hợp với các mẫu bàn ăn gỗ hiện đại và cho ra đời&nbsp;<a href=\"https://moho.com.vn/collections/bo-ban-an\" rel=\"noopener noreferrer\" target=\"_blank\" style=\"color: rgb(41, 128, 185);\"><strong>bộ bàn ăn</strong></a>&nbsp;nhà bếp hoàn chỉnh.</p><p><strong>Thiết kế hiện đại, bắt mắt</strong></p><p>Ghế ăn FYN mang trong mình thiết kế đơn giản nhưng cực kỳ&nbsp;hiện đại, thể hiện sự sang trọng cho&nbsp;<a href=\"https://moho.com.vn/collections/phong-an\" rel=\"noopener noreferrer\" target=\"_blank\" style=\"color: rgb(41, 128, 185);\"><strong>nội thất phòng ăn</strong></a>&nbsp;gia đình.</p><p class=\"ql-align-center\"><img src=\"https://file.hstatic.net/200000065946/file/noi-that-moho-fyn-ghe-an-new_4_676e76c39ca043f58e84402ec8c61404.jpg\" alt=\"noi-that-moho-fyn-ghe-an-new_4\"></p><p>&nbsp;</p><h3><strong>Lưng ghế bo tròn</strong></h3><p>Lưng ghế bo tròn nhẹ nhàng mang lại cảm giác êm ái, nâng đỡ cơ thể một cách tốt nhất, đảm bảo sự thoải mái khi ngồi thời gian dài.</p><p class=\"ql-align-center\"><img src=\"https://file.hstatic.net/200000065946/file/noi-that-moho-ghe-an-go-fyn-nau-2_109c5cbb9faf44bfac67540347cb01c8.jpg\" alt=\"Ghế Ăn Gỗ Cao Su Tự Nhiên MOHO FYN Nâu 2\"></p><p>&nbsp;</p><h3><strong>Vải bọc ghế ăn dễ dàng tháo rời</strong></h3><p>Miếng đệm ghế có thể tháo rời giúp bạn dễ dàng vệ sinh sản phẩm</p><p class=\"ql-align-center\"><img src=\"https://file.hstatic.net/200000065946/file/noi-that-moho-fyn-ghe-an-new_5_9402864861234014a175565d41c3cd1c.jpg\" alt=\"noi-that-moho-fyn-ghe-an-new_4\"></p><p class=\"ql-align-center\"><img src=\"https://file.hstatic.net/200000065946/file/noi-that-moho-fyn-ghe-an-new_6_5db6f4a8463546a0a6df332b355e4751.jpg\" alt=\"noi-that-moho-fyn-ghe-an-new_6\"></p><p>&nbsp;</p><p><strong>Logo MOHO độc quyền</strong></p><p>Sản phẩm&nbsp;<a href=\"https://moho.com.vn/collections/tat-ca-san-pham-moho\" rel=\"noopener noreferrer\" target=\"_blank\" style=\"color: rgb(41, 128, 185);\"><strong>đồ nội thất gỗ</strong></a>&nbsp;của MOHO&nbsp;có Logo&nbsp;độc quyền, tránh sản phẩm kém chất lượng cùng chất liệu gỗ eco-friendly, đảm bảo an toàn sức khoẻ.</p><p class=\"ql-align-center\"><img src=\"https://file.hstatic.net/200000065946/file/noi-that-moho-fyn-ghe-an-new_7_40a0a18f1b8b4cd390239346d123e4e9.jpg\" alt=\"noi-that-moho-fyn-ghe-an-new_7\"></p><h4 class=\"ql-align-center\">&nbsp;</h4><h3><strong>Ghế ăn có 02 màu sắc lựa chọn</strong></h3><p>Ghế ăn gỗ&nbsp;màu tự nhiên</p><p>Ghế ăn gỗ&nbsp;màu nâu</p><p class=\"ql-align-center\"><img src=\"https://file.hstatic.net/200000065946/file/noi-that-moho-ghe-an-go-fyn-nau-1_d25350579c9343908c1af57793f8034d.jpg\" alt=\"Ghế Ăn Gỗ Cao Su Tự Nhiên MOHO FYN Nâu 1\"></p><p>&nbsp;</p><h2 class=\"ql-align-center\"><strong>4. KHÔNG GIAN SỐNG</strong></h2><p><a href=\"https://moho.com.vn/collections/ghe-an\" rel=\"noopener noreferrer\" target=\"_blank\" style=\"color: rgb(67, 67, 67);\"><strong>Ghế ăn</strong></a><strong>&nbsp;FYN&nbsp;</strong>kết hợp cùng bàn ăn FYN, tạo không gian phòng ăn ấm cùng và gần gũi cho gia đình.&nbsp;</p><p class=\"ql-align-center\"><img src=\"https://file.hstatic.net/200000065946/file/noi-that-moho-fyn-ghe-an-new_8_8b9995bdf6904c3a9d900470be8b42da.jpg\" alt=\"noi-that-moho-fyn-ghe-an-new_8\"></p><p class=\"ql-align-center\"><img src=\"https://file.hstatic.net/200000065946/file/noi-that-moho-fyn-ghe-an-new_9_a7c486f6c82844668df64856a021e9e9.jpg\" alt=\"noi-that-moho-fyn-ghe-an-new_\"></p><p><br></p>', 1971000.00, 10, 1, 4, '<p><strong>Kích thước:&nbsp;</strong>Dài 45cm x&nbsp;Rộng 50cm x&nbsp;Cao đến đệm ngồi/lưng tựa: 45cm/79cm</p><p><strong>Chất liệu:&nbsp;</strong>Gỗ cao su tự nhiên vải bọc chống thấm nước - chống nhăn, kháng bụi bẩn, nấm mốc</p>', 5, 2190000.00, 1),
(20, 'Tủ Kệ Tivi Gỗ MOHO VLINE 301', 'http://localhost:4000/uploads/file_1732189393209.jpg', '<p><img src=\"https://file.hstatic.net/200000065946/file/1_4e6fd7d32d334c529ed0fc05601d554d_2048x2048.jpg\"></p><p><img src=\"https://file.hstatic.net/200000065946/file/bo_sung__1__6e222e43f0f84475b08fc3124918632d_2048x2048.jpg\"></p><p><img src=\"https://file.hstatic.net/200000065946/file/bo_sung__2__9b8f0e9a0658498ba2e3ed406bc6316a_2048x2048.jpg\"></p>', 3141000.00, 10, 3, 1, '<p><strong>Kích thước:&nbsp;</strong>Dài 140/160/180 cm x Rộng 40 cm x Cao 60 cm</p><p><strong>Chất liệu:</strong></p><p>- Thân tủ: Gỗ công nghiệp MFC phủ Melamine chuẩn CARB P2 (*), Sơn phủ UV vân gỗ sồi tự nhiên</p><p>- Chân tủ: Gỗ cao su tự nhiên</p>', 5, 3490000.00, 1),
(21, 'Ghế Sofa Góc Chữ L Gỗ Cao Su Tự Nhiên MOHO VLINE 601 Kèm Đôn', 'http://localhost:4000/uploads/file_1732189650131.jpg', '<h2 class=\"ql-align-center\"><strong>1. THÔNG SỐ KỸ THUẬT</strong></h2><p class=\"ql-align-center\">&nbsp;</p><p class=\"ql-align-center\"><img src=\"https://file.hstatic.net/200000065946/file/hinh_update_kich_thuoc-02_c53da196d5f84dc39df06f53e63c14df_master.png\"></p><p class=\"ql-align-center\"><img src=\"https://file.hstatic.net/200000065946/file/hinh_update_kich_thuoc-07_b7aad02156e34808b1e2e9edd0e64b1e_2048x2048.png\"></p><h2 class=\"ql-align-center\"><strong>2. CHI TIẾT VẬT&nbsp;LIỆU</strong></h2><p class=\"ql-align-center\"><img src=\"https://file.hstatic.net/200000065946/file/noi-that-moho-ghe-sofa-vline-nau-2_62f9c47cd1c947b29cbb64112dcb93a5.png\" alt=\"noi-that-moho-ghe-sofa-vline-nau-2\"></p><p><strong>Gỗ tràm tự nhiên</strong></p><p>Ghế sofa VLINE 601 màu Nâu&nbsp;được làm bằng&nbsp;<a href=\"https://moho.com.vn/blogs/noi-that-ung-dung/tim-hieu-ve-cac-loai-go-tu-nhien-thong-dung\" rel=\"noopener noreferrer\" target=\"_blank\" style=\"color: rgb(67, 67, 67);\"><strong><u>gỗ tràm</u></strong></a>&nbsp;tự nhiên đảm bảo vệ độ chắc chắn cao, chống công vênh, mối mọt.</p><p><strong>Gỗ cao su tự nhiên</strong></p><p>Ghế sofa VLINE 601 màu tự nhiên được chế tác từ chất liệu&nbsp;<a href=\"http://moho.com.vn/blogs/noi-that-ung-dung/tim-hieu-ve-cac-loai-go-tu-nhien-thong-dung\" rel=\"noopener noreferrer\" target=\"_blank\" style=\"color: rgb(67, 67, 67);\"><strong><u>gỗ cao su</u></strong></a><strong>&nbsp;</strong>tạo sự dẻo dai, bền bỉ trong suốt thời gian sử dụng.</p><p><strong>Vải Polyester</strong></p><p>Vải bọc polyester chống nhăn, kháng bụi bẩn và nấm mốc, dễ dàng vệ sinh.</p><p><strong>Tấm phản</strong></p><p>Sử dụng gỗ công nghiệp Plywood có độ bền cao, đạt chuẩn CARB-P2 an toàn tuyệt đối cho người sức khỏe người dùng và đạt chứng nhận FSC bảo vệ và phát triển rừng bền vững.</p><p class=\"ql-align-center\"><img src=\"https://file.hstatic.net/200000065946/file/noi-that-moho-van-go-tu-nhien_3883f71c3edf44d19cad4f577a48e512.jpg\" alt=\"Mắt gỗ và vân gỗ tự nhiên\"></p><p><em>* Một số sản phẩm sử dụng gỗ tự nhiên có thể xuất hiện mắt gỗ ngẫu nhiên và vân gỗ trên bề mặt mỗi sản phẩm sẽ khác nhau – điều này là hoàn toàn tự nhiên, tạo nên sự độc đáo riêng cho từng sản phẩm. Vì vậy MOHO sẽ không áp dụng các chính sách đổi trả, bảo hành và bảo trì cho các trường hợp này.</em></p><p class=\"ql-align-center\">&nbsp;</p><h2 class=\"ql-align-center\"><strong>3. ĐẶC ĐIỂM NỔI BẬT</strong></h2><p>Các thiết kế&nbsp;trong&nbsp;<a href=\"https://moho.com.vn/collections/vline-collection\" rel=\"noopener noreferrer\" target=\"_blank\" style=\"color: rgb(67, 67, 67);\"><strong><u>bộ sưu tập nội thất</u></strong></a><strong>&nbsp;VLINE</strong>&nbsp;mang trong mình nét đẹp đặc trưng của hồn Việt cùng vẻ đẹp năng động của thời đại. V” là viết tắt của từ “Việt” trong “Việt Nam”.&nbsp;“LINE” là các đường nét mang xu hướng hiện đại, phóng khoáng của ngày nay. Combo ghế sofa kết hợp cùng ghế sofa góc và đôn giúp gia tăng khả năng sử dụng, tiện lợi khi có nhiều người dùng</p><p><strong>Ghế sofa có kết thể kết hợp đa dạng phong cách</strong></p><p>Sofa có thiết kế chủ đạo \"tối giản\" dễ dàng kết hợp và hòa quyện&nbsp;với nhiều đồ&nbsp;<a href=\"http://moho.com.vn/\" rel=\"noopener noreferrer\" target=\"_blank\" style=\"color: rgb(67, 67, 67);\">nội thất</a>&nbsp;gỗ khác.</p><p><strong>Sofa và sản phẩm kết hợp đều mang kích thước tiêu chuẩn</strong></p><p>Sofa có kích thước rộng&nbsp;rãi thoải mái, với thiết kế tinh giản giúp tối ưu hóa diện tích cho&nbsp;<a href=\"https://moho.com.vn/collections/phong-khach\" rel=\"noopener noreferrer\" target=\"_blank\" style=\"color: rgb(67, 67, 67);\"><strong><u>nội thất phòng khách</u></strong></a>.</p><p class=\"ql-align-center\"><img src=\"https://product.hstatic.net/200000065946/product/pro_nau_noi_that_moho_combo_ghe_sofa_vline_be_4_ec7ee810400546dcb1e104a4851e1300_master.jpg\" alt=\" Ghế Sofa Góc Chữ L Gỗ Cao Su Tự Nhiên MOHO VLINE 601 Kèm Đôn \"></p><p class=\"ql-align-center\">&nbsp;</p><p><strong>Độ nghiêng hoàn hảo</strong></p><p>Độ nghiêng lưng tựa vừa phải giúp cho người ngồi cảm thấy thư giản và thoải mái nhất.</p><p><strong>Khóa dán chống trượt</strong></p><p>Với khóa dán cố định bạn không còn lo lắng về nệm trượt ra khỏi&nbsp;<a href=\"https://moho.com.vn/products/ghe-sofa-go-tram-moho-vline-601\" rel=\"noopener noreferrer\" target=\"_blank\" style=\"color: rgb(67, 67, 67);\"><strong><u>ghế sofa</u></strong></a>.</p><p class=\"ql-align-center\"><img src=\"https://file.hstatic.net/200000065946/file/noi-that-moho-ghe-sofa-vline-nau-7_d3fe75b5dec14eafb2acab89cf59d101.png\" alt=\"noi-that-moho-ghe-sofa-vline-nau-7\"></p><p class=\"ql-align-center\">&nbsp;</p><p><strong>Nệm ngồi&nbsp;cao cấp, dày dặn và có khả năng chống cháy</strong></p><p>Độ bền cao, chống xẹp lún và đạt tiêu chuẩn của Mỹ về khả năng chống cháy.&nbsp;</p><p><strong>Gối tựa dày dặn êm cái</strong></p><p>Gối sofa&nbsp;dày dặn êm ái mang đến cảm giác thoải mái nhất khi tựa lưng.</p><p class=\"ql-align-center\"><img src=\"https://product.hstatic.net/200000065946/product/pro_mau_tu_nhien_tron_combo_ghe_sofa_vline_xam_dam_3_bb1fb54a607247aaaf6017db0f47e102_master.jpg\" alt=\" Ghế Sofa Góc Chữ L Gỗ Cao Su Tự Nhiên MOHO VLINE 601 Kèm Đôn \"></p><p class=\"ql-align-center\">&nbsp;</p><p><strong>Dễ dàng vệ sinh sạch sẽ&nbsp;</strong></p><p>Vải bọc bằng polyester hạn chế bụi bẩn, nấm mốc cùng khoá kéo dễ dàng tháo giặt và vệ sinh.&nbsp;</p><p class=\"ql-align-center\"><img src=\"https://file.hstatic.net/200000065946/file/noi-that-moho-ghe-sofa-vline-nau-10_4d59a75998ac4fbc92a3571c73bcf890.png\" alt=\"noi-that-moho-ghe-sofa-vline-nau-10\"></p><p class=\"ql-align-center\">&nbsp;</p><p><strong>Độ cao chân ghế vừa phải</strong></p><p>Robot hút bụi có thể lau dọn dưới sàn sofa một cách dễ dàng.</p><p class=\"ql-align-center\"><img src=\"https://file.hstatic.net/200000065946/file/noi-that-moho-combo-3-ghe-sofa_fa656c3514e240738ea02de9640e912b.jpg\" alt=\"combo 03 ghế sofa cùng góc và đôn sofa\"></p><p class=\"ql-align-center\">&nbsp;</p><p><strong>Chân ghế cao su</strong></p><p>Sử dụng chất liệu&nbsp;<a href=\"https://moho.com.vn/blogs/noi-that-ung-dung/tim-hieu-ve-cac-loai-go-tu-nhien-thong-dung\" rel=\"noopener noreferrer\" target=\"_blank\" style=\"color: rgb(67, 67, 67);\"><strong><u>gỗ cao su</u></strong></a>&nbsp;tự nhiên với khả năng chịu lực cao.</p><p class=\"ql-align-center\"><img src=\"https://file.hstatic.net/200000065946/file/noi-that-moho-ghe-sofa-vline-nau-13_417c681edbf64d689e42be8cfad5db74.png\" alt=\"noi-that-moho-ghe-sofa-vline-nau-13\"></p><p class=\"ql-align-center\">&nbsp;</p><h2 class=\"ql-align-center\"><strong>4. KHÔNG GIAN SỐNG</strong></h2><p>Ghế sofa gỗ VLINE&nbsp;mang trong mình&nbsp;thiết kế hiện đại nhưng vẫn giữ được nét truyền thống của vẻ đẹp Việt xưa, mang đến không gian&nbsp;<a href=\"http://moho.com.vn/\" rel=\"noopener noreferrer\" target=\"_blank\" style=\"color: rgb(67, 67, 67);\"><strong><u>nội thất</u></strong></a><a href=\"https://moho.com.vn/collections/phong-khach\" rel=\"noopener noreferrer\" target=\"_blank\" style=\"color: rgb(67, 67, 67);\"><strong><u>&nbsp;phòng khách</u></strong></a>&nbsp;một màu sắc rất riêng, đầy độc đáo và khó pha lẫn với bất kỳ phong cách thiết kế nào.</p><p class=\"ql-align-center\"><img src=\"https://product.hstatic.net/200000065946/product/pro_mau_tu_nhien_noi_that_moho_combo_ghe_sofa_vline_be_2_10bd04e65e4d432183fc8282cebf3a59_master.jpg\" alt=\" Ghế Sofa Góc Chữ L Gỗ Cao Su Tự Nhiên MOHO VLINE 601 Kèm Đôn \"></p><p><br></p>', 19413000.00, 5, 1, 1, '<p><strong>Kích thước:</strong></p><p>- Ghế sofa: Dài: 180cm x Rộng 85cm x Cao 69cm</p><p>- Ghế sofa góc: Dài 140cm x Rộng 60cm x Cao 69cm</p><p>- Đôn sofa: Dài 60cm x Rộng 60cm x Cao 37cm</p><p><strong>Chất liệu:</strong></p><p>- Thân ghế: Gỗ tràm tự nhiên (Ghế sofa Nâu)</p><p>- Thân ghế: Gỗ cao su tự nhiên (Ghế sofa Màu tự nhiên)</p><p>- Chân ghế: Gỗ cao su tự nhiên</p><p>- Vải sợi tổng hợp chống nhăn, kháng bụi bẩn và nấm mốc</p><p><em>-&nbsp;</em>Tấm phản: Gỗ công nghiệp Plywood chuẩn CARB-P2 (*)&nbsp;</p>', 5, 21570000.00, 1),
(22, 'Bàn Sofa – Bàn Cafe – Bàn Trà Tròn Gỗ MOHO OSLO 901', 'http://localhost:4000/uploads/file_1732190584596.jpg', '<p class=\"ql-align-center\"><a href=\"https://moho.com.vn/collections/ban-sofa-ban-cafe-ban-tra\" rel=\"noopener noreferrer\" target=\"_blank\" style=\"color: rgb(0, 0, 0);\">BÀN SOFA</a>&nbsp;-&nbsp;<a href=\"https://moho.com.vn/collections/ban-sofa-ban-cafe-ban-tra\" rel=\"noopener noreferrer\" target=\"_blank\" style=\"color: rgb(67, 67, 67);\">BÀN CAFE</a>&nbsp;-&nbsp;<a href=\"https://moho.com.vn/collections/ban-sofa-ban-cafe-ban-tra\" rel=\"noopener noreferrer\" target=\"_blank\" style=\"color: rgb(67, 67, 67);\">BÀN TRÀ</a>&nbsp;GỖ TRÒN&nbsp;MOHO OSLO 901</p><h2 class=\"ql-align-center\"><strong>1. THÔNG SỐ KỸ THUẬT</strong></h2><p class=\"ql-align-center\"><img src=\"https://file.hstatic.net/200000065946/file/moho-oslo-ban-sofa-tron-thap-1_00ccaa7958e9434f8613e8640ba61f6c.jpg\" alt=\"moho-oslo-ban-sofa-tron-thap-1\"></p><p class=\"ql-align-center\">&nbsp;</p><h2 class=\"ql-align-center\"><strong>2. CHI TIẾT VẬT LIỆU</strong></h2><h3 class=\"ql-align-justify\"><strong>Gỗ công nghiệp</strong></h3><p class=\"ql-align-justify\">MOHO sử dụng&nbsp;<strong>100%</strong>&nbsp;chất liệu&nbsp;gỗ công nghiệp (PB, MDF) đạt&nbsp;<a href=\"https://moho.com.vn/blogs/news/noi-that-moho-dat-chuan-carb-p2-an-toan-cho-suc-khoe\" rel=\"noopener noreferrer\" target=\"_blank\" style=\"color: rgb(67, 67, 67);\">chuẩn&nbsp;CARB-P2</a><strong>&nbsp;</strong>an toàn tuyệt đối cho người sức khỏe người dùng và đạt&nbsp;<a href=\"https://moho.com.vn/blogs/noi-that-ung-dung/chung-nhan-fsc-chung-nhan-bao-ve-rung-quy-mo-toan-cau\" rel=\"noopener noreferrer\" target=\"_blank\" style=\"color: rgb(67, 67, 67);\">chứng nhận FSC</a>&nbsp;bảo vệ và phát triển rừng bền vững.</p><p class=\"ql-align-center\"><img src=\"https://file.hstatic.net/200000065946/file/moho-oslo-ban-sofa-tron-thap-2_3102d585f7d640f58d39395e38b41be8.jpg\" alt=\"moho-oslo-ban-sofa-tron-thap-2\"></p><p class=\"ql-align-justify\">&nbsp;</p><h3 class=\"ql-align-justify\"><strong>Veneer gỗ sồi tự nhiên</strong></h3><p class=\"ql-align-justify\">Bề mặt sản phẩm&nbsp;<a href=\"https://moho.com.vn/products/ban-sofa-ban-cafe-ban-tra-tron-go-soi-moho-oslo-901\" rel=\"noopener noreferrer\" target=\"_blank\" style=\"color: rgb(67, 67, 67);\">Bàn Sofa Gỗ Tròn MOHO OSLO 901</a>&nbsp;phủ&nbsp;Veneer&nbsp;<a href=\"https://moho.com.vn/blogs/noi-that-ung-dung/tim-hieu-ve-cac-loai-go-tu-nhien-thong-dung\" rel=\"noopener noreferrer\" target=\"_blank\" style=\"color: rgb(67, 67, 67);\">gỗ sồi tự nhiên</a>&nbsp;cho bề mặt vân gỗ tinh tế, bền màu, nhẵn và sáng bóng. Đồng thời, giúp sản phẩm&nbsp;không bị co ngót, nứt khi thời tiết thay đổi.</p><h3 class=\"ql-align-justify\"><strong>Gỗ cao su</strong></h3><p class=\"ql-align-justify\">Chất liệu&nbsp;cao su tự nhiên đảm bảo vệ độ chắc chắn cao, chống công vênh, mối mọt. Màu gỗ bắt mắt và tom gỗ đẹp tự nhiên.</p><p><img src=\"https://file.hstatic.net/200000065946/file/noi-that-moho-van-go-tu-nhien_3883f71c3edf44d19cad4f577a48e512.jpg\" alt=\"Mắt gỗ và vân gỗ tự nhiên\"></p><p><em>* Một số sản phẩm sử dụng gỗ tự nhiên có thể xuất hiện mắt gỗ ngẫu nhiên và vân gỗ trên bề mặt mỗi sản phẩm sẽ khác nhau – điều này là hoàn toàn tự nhiên, tạo nên sự độc đáo riêng cho từng sản phẩm. Vì vậy MOHO sẽ không áp dụng các chính sách đổi trả, bảo hành và bảo trì cho các trường hợp này.</em></p><p>&nbsp;</p><h2 class=\"ql-align-center\"><strong>3. ĐẶC ĐIỂM NỔI BẬT</strong></h2><p class=\"ql-align-justify\"><a href=\"https://moho.com.vn/collections/oslo-collection\" rel=\"noopener noreferrer\" target=\"_blank\" style=\"color: rgb(67, 67, 67);\"><strong>Bộ sưu tập nội thất</strong></a><strong>&nbsp;OSLO</strong>&nbsp;lấy ý tưởng từ những nhịp sống hiện đại, hối hả của thành phố OSLO của Na Uy. Đặc trưng của các sản phẩm từ bộ sưu tập&nbsp;<a href=\"https://moho.com.vn/\" rel=\"noopener noreferrer\" target=\"_blank\" style=\"color: rgb(67, 67, 67);\">nội thất</a>&nbsp;này là những đường nét bo tròn đến hoàn hảo. Đặc biệt chi tiết hình tròn được tận dụng một cách độc đáo và mới mẻ vào trong từng thiết kế, thổi làn gió hiện đại cho mọi&nbsp;không gian.&nbsp;</p><p class=\"ql-align-justify\"><strong>Bàn tròn đặc&nbsp;trưng</strong></p><p>Mặt bàn có hình tròn tiện lợi, kết hợp&nbsp;với chân bàn cũng được bo tròn tỉ mỉ.</p><p class=\"ql-align-center\"><img src=\"https://file.hstatic.net/200000065946/file/moho-oslo-ban-sofa-tron-thap-4_15ec97d31a84488aaf9097d0ad6040b4.jpg\" alt=\"moho-oslo-ban-sofa-tron-thap-4\"></p><p>&nbsp;</p><p><strong>Bàn trà sofa có thiết kế tối ưu tiện ích</strong></p><p>Bàn có thiết kế thêm&nbsp;kệ ngăn bên dưới giúp chứa đồ tiện lợi, tối ưu khả năng lưu trữ.</p><p class=\"ql-align-center\"><img src=\"https://file.hstatic.net/200000065946/file/moho-oslo-ban-sofa-tron-thap-5_5119c2798aea42fd82775a0b48d9613c.jpg\" alt=\"moho-oslo-ban-sofa-tron-thap-5\"></p><p>&nbsp;</p><p><strong>Dễ dàng di chuyển với nút đỡ nhựa</strong></p><p>Chân bàn có nút đỡ nhựa hạn chế trầy xước và dễ dàng di chuyển.</p><p class=\"ql-align-center\"><img src=\"https://file.hstatic.net/200000065946/file/moho-oslo-ban-sofa-tron-thap-6_a5e592ed1ed44e379e21f3fe41f45dd1.jpg\" alt=\"moho-oslo-ban-sofa-tron-thap-6\"></p><p>&nbsp;</p><p><strong>Chân bàn gỗ cao su</strong></p><p>Chân bàn chắc chắn và chịu lực tốt, cùng logo&nbsp;MOHO đều có logo độc quyền tránh hàng giả, hàng nhái.</p><p class=\"ql-align-center\"><img src=\"https://file.hstatic.net/200000065946/file/moho-oslo-ban-sofa-tron-thap-7_d1923a8f826546b2826326c96e17f4e4.jpg\" alt=\"moho-oslo-ban-sofa-tron-thap-7\"></p><p class=\"ql-align-center\">&nbsp;</p><h2 class=\"ql-align-center\"><strong>4. KHÔNG&nbsp;GIAN SỐNG</strong></h2><p class=\"ql-align-justify\">Bàn Sofa – Bàn Cafe – Bàn Trà Tròn Gỗ MOHO OSLO 901 thiết kế thấp nhưng mặt bàn to lớn, rộng rãi dễ dàng bài trí nhiều món đồ xung quanh, có thể kết hợp cùng&nbsp;<a href=\"https://moho.com.vn/products/ban-sofa-ban-cafe-ban-tra-go-soi-moho-oslo-902\" rel=\"noopener noreferrer\" target=\"_blank\" style=\"color: rgb(41, 128, 185);\"><strong>Bàn Sofa – Bàn Cafe – Bàn Trà Tròn Cao Gỗ MOHO OSLO 901</strong></a>&nbsp;để kiến tạo nên&nbsp;không gian&nbsp;<a href=\"https://moho.com.vn/collections/phong-khach\" rel=\"noopener noreferrer\" target=\"_blank\" style=\"color: rgb(41, 128, 185);\"><strong><u>nội thất phòng khách</u></strong></a>&nbsp;hoàn chỉnh.</p><p class=\"ql-align-center\"><img src=\"https://file.hstatic.net/200000065946/file/moho-oslo-ban-sofa-tron-thap-8_fa30114b71e84172851f9d59dc1ddc9c.jpg\" alt=\"moho-oslo-ban-sofa-tron-thap-8\"></p><p class=\"ql-align-justify\"><img src=\"https://file.hstatic.net/200000065946/file/noi-that-moho-set-ban-tra-sofa-oslo-nau-3_330efab0c8be402daa119a1d1bea9ade.jpg\" alt=\"Set 2 Bàn Sofa – Bàn Trà Tròn Gỗ MOHO OSLO 901 14\"></p><p class=\"ql-align-justify\"><img src=\"https://file.hstatic.net/200000065946/file/noi-that-moho-set-ban-tra-sofa-oslo-nau-2_d96db6b1592340048845e82a19838ed6.jpg\" alt=\"Set 2 Bàn Sofa – Bàn Trà Tròn Gỗ MOHO OSLO 901 12\"></p><p><br></p>', 2241000.00, 6, 2, 1, '<p><strong>Kích thước:&nbsp;</strong>Đường kính rộng 68cm x Cao 42cm</p><p><strong>Chất liệu:</strong></p><p><strong>- Mặt bàn: Gỗ công nghiệp PB chuẩn CARB-P2 (*), Veneer gỗ sồi tự nhiên</strong></p><p><strong>- Chân bàn: Gỗ cao su tự nhiên</strong></p><p><em>(*) Tiêu chuẩn California Air Resources Board xuất khẩu Mỹ, đảm bảo gỗ không độc hại, an toàn cho sức khỏe</em></p>', 5, 2490000.00, 1);
INSERT INTO `san_pham` (`id`, `tenSP`, `hinh_anh`, `mo_ta`, `gia`, `soluong`, `id_loaiSP`, `loai_phong_id`, `mo_ta_nho`, `so_luong_ton_kho_min`, `gia_goc`, `is_discounted`) VALUES
(23, 'Ghế Ăn Gỗ Cao Su Tự Nhiên MOHO NEXO 601', 'http://localhost:4000/uploads/file_1732190756079.jpg', '<p class=\"ql-align-center\"><strong>Ghế Ăn Gỗ Cao Su Tự Nhiên MOHO NEXO 601</strong></p><p class=\"ql-align-center\"><strong>1. THÔNG SỐ KỸ THUẬT</strong></p><p class=\"ql-align-center\"><strong><img src=\"https://file.hstatic.net/200000065946/file/kich-thuoc-ghe-an-go-cao-su-tu-nhien-nexo_dced2648e7c345dea46d30950dde9bed.jpg\" alt=\"Kích thước ghế ăn gỗ cao su tự nhiên NEXO\"></strong></p><p>&nbsp;</p><h2 class=\"ql-align-center\"><strong>2. CHI TIẾT VẬT LIỆU</strong></h2><h3><strong>Ghế ăn gỗ cao su</strong></h3><p>Sử dụng chất liệu gỗ cao su giúp sản phẩm có khả năng chịu lực tốt và độ bền cao.</p><h3><strong>Vải bọc polyester chống nhăn, kháng bụi bẩn và nấm mốc</strong></h3><p>Nệm mút D40 cho phần ngồi và tựa lưng với độ đàn hồi tốt, thoải mái khi ngồi nhưng không lo bị mềm, lún khi sử dụng lâu.</p><p><strong><img src=\"https://file.hstatic.net/200000065946/file/noi-that-moho-fyn-ghe-an-new_2_da6beb1b67824541a93ad32babbf37d4.jpg\" alt=\"noi-that-moho-fyn-ghe-an-new_2\"></strong></p><p><em>* Một số sản phẩm sử dụng gỗ tự nhiên có thể xuất hiện mắt gỗ ngẫu nhiên trên bề mặt sản phẩm, điều này là hoàn toàn tự nhiên, tạo nên sự độc đáo riêng cho từng sản phẩm. Vì vậy MOHO sẽ không áp dụng các chính sách đổi trả, bảo hành và bảo trì cho các trường hợp này.</em></p><p><strong>&nbsp;</strong></p><h2 class=\"ql-align-center\"><strong>3. ĐẶC ĐIỂM NỔI BẬT</strong></h2><p>Nexo là một thị trấn nhỏ ven biển trên đảo Baltic thuộc Đan Mạch sở hữu một bờ biển dài cùng với một ngư cảng tự nhiên lớn nhất đảo. Tuy nhiên, ghế ăn Nexo không được lấy cảm hứng từ bến cảng này hay nhà hun khói lớn nhất đảo với lịch trình đưa toàn bộ cá tươi trên đảo để hun khói vào 11 giờ trưa hằng ngày. Ghế ăn NEXO được lấy cảm hứng từ một khách sạn nổi gần bến cảng, khách sạn này có một không gian hướng trực tiếp ra biển, có thể ngắm nhìn mọi hoạt động tại cảng vì vậy luôn mang trong mình không gian thư giãn từ biển cả nhưng không kém phần ấm cúng và hối hả do hương vì từ bến cảng mang lại.</p><h3><strong>Ghế ăn gỗ mang trong mình thiết kế tối giản</strong></h3><p>Ghế ăn gia đình NEXO sở hữu thiết kế tối giản, không cầu kỳ, mang đậm phong cách Scannadivian đẹp đẽ và hiện đại. Các chi tiết trên từng góc&nbsp;cạnh của ghế được xử lý&nbsp;bo tròn vô cùng&nbsp;hoàn hảo,&nbsp;tạo nên một điểm nhấn tinh tế và êm ái trong thiết kế. Ngoài ra, phần đệm ghế che chắn kỹ lưỡng các cạnh ngồi của ghế, nhưng vẫn chừa ra phần&nbsp;chân ghế cũng tạo nên điểm nhấn độc đáo cho ghế ăn NEXO.</p><p class=\"ql-align-center\"><strong><img src=\"https://file.hstatic.net/200000065946/file/noi-that-moho-ghe-an-go-cao-su-tu-nhien-nexo-thiet-ke-don-gian_4232089e93684192bc68bd7b22d42920.jpg\" alt=\"Ghế Ăn Gỗ Cao Su Tự Nhiên MOHO NEXO 601 có thiết kế đơn giản\"></strong></p><p>&nbsp;</p><h3><strong>Đệm ngồi ghế làm từ đệm mút D40</strong></h3><p>Đệm mút D40 thường được sử dụng trong các loại ghế sofa vì tính đàn hồi tốt và độ bền cực cao. Đệm mút D40 với mật độ foam 30/50 đã được sử dụng trong ghế ăn NEXO và cả&nbsp;<a href=\"https://moho.com.vn/products/ghe-an-go-cao-su-tu-nhien-moho-soro-601\" rel=\"noopener noreferrer\" target=\"_blank\" style=\"color: rgb(41, 128, 185);\"><strong>ghế ăn SORO</strong></a>;&nbsp;hai&nbsp;phần đệm ngồi và phần đệm lưng&nbsp;mang lại cảm giác&nbsp;thoải mái khi sử dụng và giúp bạn không phải lo về độ bền khi sử dụng lâu dài.</p><p><strong><img src=\"https://file.hstatic.net/200000065946/file/noi-that-moho-ghe-an-go-soro-3_1b502e2b64d041d2bfd4dd39fc40145e.jpg\" alt=\"Ghế ăn gỗ cao su tự nhiên SORO sử dụng đệm mút D40\"></strong></p><p><strong>&nbsp;</strong></p><h3><strong>Phần vải bọc đệm và thành ghế ăn&nbsp;dễ dàng&nbsp;tháo rời</strong></h3><p>Phần đệm ngồi được kết cấu từ 2 lớp vải khác nhau. Lớp vải ngoài có thể tháo rời dễ dàng giúp bạn dễ dàng vệ sinh sản phẩm khi xuất hiện những vết dơ. Bên cạnh đó, phần nệm lưng cũng có thể tháo rời dễ dàng phục vụ cho việc vệ sinh. Tuy nhiên phần nệm lưng khi tháo rời sẽ tháo cả một miếng nệm kèm vải bọc, vì vậy khi vệ sinh cần thực hiện các biện pháp vệ sinh giặt khô chuyên dụng.</p><p><strong><img src=\"https://file.hstatic.net/200000065946/file/noi-that-moho-ghe-an-go-soro-4_98855aace4454db69963ddc77c294e9f.jpg\" alt=\"Ghế ăn gỗ cao su tự nhiên SORO vải bọc nệm tháo rời\"></strong></p><p><strong>&nbsp;</strong></p><h3><strong>Khung ghế có kết cấu chắc chắn</strong></h3><p>Ghế ăn Nexo có thiết kế chắc chắn với 4 thanh giằng xung quanh phần chân ghế kèm với bản gỗ to với kích thước lên tới 35mm.</p><p class=\"ql-align-center\"><strong><img src=\"https://file.hstatic.net/200000065946/file/noi-that-moho-ghe-an-go-cao-su-tu-nhien-nexo-khung-chac-chan_668b969f69b543a288405f849e4798bc.jpg\" alt=\"Ghế Ăn Gỗ Cao Su Tự Nhiên MOHO NEXO 601 khung ghế chắc chắn\"></strong></p><p>&nbsp;</p><h3><strong>Tựa lưng ghế độc&nbsp;đáo</strong></h3><p>Phần tựa lưng được thiết kế độc đáo, không chỉ nệm tựa có thể tháo rời mà phần đỉnh ghế có thanh gỗ bo cong. Khi ngồi, nếu bạn không dựa hoàn toàn vào ghế, lưng bạn chỉ sẽ chạm được phần nệm tựa và nó sẽ giúp bạn cảm thấy thoải mái khi ngồi lâu.</p><p>Tuy nhiên khi bạn dựa hoàn toàn ra lưng ghế, phần lưng trên của bạn sẽ được hỗ trợ thêm bởi thanh gỗ phía trên, giúp bạn cảm giác được cả phần tựa nệm lẫn phần gỗ thịt của ghế.</p><p class=\"ql-align-center\"><strong><img src=\"https://file.hstatic.net/200000065946/file/noi-that-moho-ghe-an-go-nexo-nau-thao-roi_a873f21590f042dcb498163b99ad9f20.jpg\" alt=\"Ghế ăn gỗ cao su NEXO có tấm lưng dựa độc đáo\"></strong></p><p>&nbsp;</p><h3><strong>Chân ghế sở hữu&nbsp;nút nhựa cao su</strong></h3><p>Có nút nhựa cao su tại 4 chân ghế. Giúp di chuyển ghế ăn trong phòng một cách dễ dàng mà không gây ra vết trầy xước cho nền nhà bạn hay tiếng ồn khó chịu.</p><p class=\"ql-align-center\"><strong><img src=\"https://file.hstatic.net/200000065946/file/noi-that-moho-ghe-an-go-cao-su-tu-nhien-nexo-co-nut-nhua_86a33260f16d4794b4809ff66e147c52.jpg\" alt=\"Ghế Ăn Gỗ Cao Su Tự Nhiên MOHO NEXO 601 có nút nhựa dưới chân\"></strong></p><p>&nbsp;</p><h3><strong>Ghế ăn đa dạng màu sắc kết hợp</strong></h3><p>Ghế ăn gia đình hiện có 3 màu sắc để bạn có thể lựa chọn: màu tự nhiên, màu nâu tràm, màu nâu cam đất. Giúp bạn dễ dàng kết hợp các&nbsp;<a href=\"https://moho.com.vn/collections/ban-an\" rel=\"noopener noreferrer\" target=\"_blank\" style=\"color: rgb(41, 128, 185);\"><strong>mẫu bàn ăn</strong></a>&nbsp;hiện tại của MOHO để tạo thành&nbsp;<a href=\"https://moho.com.vn/collections/bo-ban-an\" rel=\"noopener noreferrer\" target=\"_blank\" style=\"color: rgb(41, 128, 185);\"><strong>bộ bàn ghế 4, 6 ghế ăn</strong></a>&nbsp;hoàn chỉnh.</p><p class=\"ql-align-center\"><strong><img src=\"https://file.hstatic.net/200000065946/file/noi-that-moho-ghe-an-go-cao-su-tu-nhien-nexo-co-3-mau_9312f37ba98645fe906e450539ba1d99.jpg\" alt=\"Ghế Ăn Gỗ Cao Su Tự Nhiên MOHO NEXO 601 có 3 màu\"></strong></p><p>&nbsp;</p><h2 class=\"ql-align-center\"><strong>4. KHÔNG GIAN SỐNG</strong></h2><p>Ghế ăn NEXO đẹp và hiện đại&nbsp;có thể kết hợp với tất cả&nbsp;<a href=\"https://moho.com.vn/collections/ban-an\" rel=\"noopener noreferrer\" target=\"_blank\" style=\"color: rgb(41, 128, 185);\"><strong>mẫu&nbsp;bàn ăn cơm gia đình</strong></a>&nbsp;hiện nay của MOHO. Giúp&nbsp;bạn có thêm&nbsp;nhiều lựa chọn hơn khi mua sắm tại MOHO, mua sắm những món&nbsp;<a href=\"https://moho.com.vn/\" rel=\"noopener noreferrer\" target=\"_blank\" style=\"color: rgb(41, 128, 185);\"><strong>nội thất</strong></a>&nbsp;phù hợp với mọi không gian sống. Cả 02 mẫu&nbsp;ghế ăn NEXO và&nbsp;<a href=\"https://moho.com.vn/products/ghe-an-go-cao-su-tu-nhien-moho-soro-601\" rel=\"noopener noreferrer\" target=\"_blank\" style=\"color: rgb(41, 128, 185);\"><strong>ghế ăn SORO</strong></a>&nbsp;có thiết kế đơn giản nhưng không kém phần độc đáo từ phong cách Scannadivian, sản phẩm hoàn toàn kết hợp được với những nội thất khác trong nhà như&nbsp;<a href=\"https://moho.com.vn/collections/ban-lam-viec\" rel=\"noopener noreferrer\" target=\"_blank\" style=\"color: rgb(41, 128, 185);\"><strong>bàn học, bàn làm việc</strong></a>,&nbsp;<a href=\"https://moho.com.vn/collections/ban-sofa-ban-cafe-ban-tra\" rel=\"noopener noreferrer\" target=\"_blank\" style=\"color: rgb(41, 128, 185);\"><strong>bàn trà sofa</strong></a>...</p><p class=\"ql-align-center\"><strong><img src=\"https://file.hstatic.net/200000065946/file/noi-that-moho-ghe-an-go-cao-su-tu-nhien-nexo-dep-hien-dai-1_9cdf1f14dd0d4784b0c778a2176733b9.jpg\" alt=\"Ghế Ăn Gỗ Cao Su Tự Nhiên MOHO NEXO 601 đẹp và hiện đại 1\"></strong></p><p class=\"ql-align-center\"><strong><img src=\"https://file.hstatic.net/200000065946/file/noi-that-moho-ghe-an-go-cao-su-tu-nhien-nexo-dep-hien-dai-2_3b1260aa16114254b139a54ffe09cc7d.jpg\" alt=\"Ghế Ăn Gỗ Cao Su Tự Nhiên MOHO NEXO 601 đẹp và hiện đại 2\"></strong></p><p><br></p>', 1791000.00, 5, 1, 4, '<p><strong>Kích thước:&nbsp;</strong>Dài 48cm x Rộng 42cm x Cao 80cm</p><p><strong>Chất liệu:</strong></p><p>- Gỗ cao su tự nhiên</p><p>-&nbsp;Vải bọc Polyester chống nhăn, kháng bụi bẩn và nấm mốc</p><p>- Nệm mút D40</p><p><em>Chống thấm, cong vênh, trầy xước, mối mọt</em></p><p><strong style=\"color: rgb(67, 67, 67);\"><em>*Sản phẩm của chương trình Outlet không áp dụng bảo hành và bảo trì.</em></strong></p>', 5, 1990000.00, 1),
(24, 'Tủ Đầu Giường Gỗ MOHO VIENNA 201', 'http://localhost:4000/uploads/file_1732191122663.webp', '<p class=\"ql-align-center\"><a href=\"https://moho.com.vn/collections/tu-dau-giuong\" rel=\"noopener noreferrer\" target=\"_blank\" style=\"color: rgb(67, 67, 67);\">TỦ ĐẦU GIƯỜNG</a>&nbsp;GỖ MOHO VIENNA 201</p><h2 class=\"ql-align-center\"><strong>1. THÔNG SỐ KỸ THUẬT</strong></h2><p class=\"ql-align-center\"><img src=\"https://file.hstatic.net/200000065946/file/noi-that-moho-vienna-tu-dau-giuong-1_b9dbc5dd7eee4abe94df216d1fecec74.jpg\" alt=\"noi-that-moho-vienna-tu-dau-giuong-1\"></p><p class=\"ql-align-center\">&nbsp;</p><h2 class=\"ql-align-center\"><strong>2. CHI TIẾT VẬT&nbsp;LIỆU</strong></h2><p class=\"ql-align-justify\"><strong>Gỗ công nghiệp</strong></p><p class=\"ql-align-justify\">Sản phẩm&nbsp;sử dụng chất liệu&nbsp;<a href=\"https://moho.com.vn/blogs/noi-that-ung-dung/go-cong-nghiep-la-gi-cac-loai-go-cong-nghiep-hien-nay\" rel=\"noopener noreferrer\" target=\"_blank\" style=\"color: rgb(67, 67, 67);\"><strong><u>gỗ công nghiệp</u></strong></a>&nbsp;(PB, MDF) đạt chuẩn&nbsp;<a href=\"https://moho.com.vn/blogs/news/noi-that-moho-dat-chuan-carb-p2-an-toan-cho-suc-khoe\" rel=\"noopener noreferrer\" target=\"_blank\" style=\"color: rgb(67, 67, 67);\"><strong><u>CARB-P2</u></strong></a>&nbsp;an toàn tuyệt đối cho người sức khỏe người dùng và đạt&nbsp;<a href=\"https://moho.com.vn/blogs/noi-that-ung-dung/chung-nhan-fsc-chung-nhan-bao-ve-rung-quy-mo-toan-cau\" rel=\"noopener noreferrer\" target=\"_blank\" style=\"color: rgb(67, 67, 67);\"><strong><u>chứng nhận FSC</u></strong></a>&nbsp;bảo vệ và phát triển rừng.</p><p class=\"ql-align-center\"><img src=\"https://file.hstatic.net/200000065946/file/noi-that-moho-vienna-tu-dau-giuong-2_4cd8573b9d404b69ac96a5707303ad16.jpg\" alt=\"noi-that-moho-vienna-tu-dau-giuong-2\"></p><p class=\"ql-align-justify\">&nbsp;</p><h2 class=\"ql-align-center\"><strong>3. ĐẶC ĐIỂM NỔI BẬT</strong></h2><p class=\"ql-align-justify\">VIENNA&nbsp;là niềm ao ước đặt chân đến của nhiều người bởi nó là thủ đô nổi tiếng bậc nhất về sự lộng lẫy của các tòa lâu đài nguy nga, tráng lệ. Đây là nguồn cảm hứng&nbsp;cho&nbsp;<a href=\"https://moho.com.vn/collections/vienna-collection\" rel=\"noopener noreferrer\" target=\"_blank\" style=\"color: rgb(67, 67, 67);\"><strong><u>bộ sưu tập nội thất</u></strong></a><u>&nbsp;</u><strong><u>VIENNA</u></strong>, nhờ vậy mà các&nbsp;sản phẩm thuộc bộ sưu tập này đều mang nét hiện đại của thủ đô nước Áo.</p><p><strong>Kiểu dáng tối giản, hiện đại</strong></p><p>Với màu sắc và lối thiết kế đơn giản dễ kết hợp các mẫu&nbsp;<a href=\"https://moho.com.vn/\" rel=\"noopener noreferrer\" target=\"_blank\" style=\"color: rgb(67, 67, 67);\">nội thất</a>&nbsp;khác.</p><p class=\"ql-align-center\"><img src=\"https://file.hstatic.net/200000065946/file/noi-that-moho-vienna-tu-dau-giuong-3_b5400e155aaf47eead659ad08d7c9dc1.jpg\" alt=\"noi-that-moho-vienna-tu-dau-giuong-3\"></p><p>&nbsp;</p><p><strong>Tối ưu hóa không gian lưu trữ</strong></p><p class=\"ql-align-justify\">Với 2 hộc tủ rộng rãi giúp lưu trữ đồ tạo sự ngăn nắp.</p><p class=\"ql-align-justify\"><strong>Ray trượt IVANs&nbsp;</strong></p><p class=\"ql-align-justify\">Tăng tuổi thọ sản phẩm lên đến 80,000 lần đóng/mở, ray trượt chống rỉ sét, ray trượt êm ái, dễ dàng đóng mở hộc tủ.</p><p class=\"ql-align-center\"><img src=\"https://file.hstatic.net/200000065946/file/noi-that-moho-vienna-tu-dau-giuong-4_05fbd6f536dc4c6fa7e0a34b4fe3425c.jpg\" alt=\"noi-that-moho-vienna-tu-dau-giuong-4\"></p><p class=\"ql-align-justify\">&nbsp;</p><p class=\"ql-align-justify\"><strong>Kiểu dáng hiện đại, không tay nắm</strong></p><p class=\"ql-align-justify\">Ngăn tủ không tay nắm hiện đại, sử dụng an toàn khi có nhà có trẻ nhỏ.</p><p class=\"ql-align-center\"><img src=\"https://file.hstatic.net/200000065946/file/pro_nau_noi_that_moho_tu_dau_giuong_go_vienna_11_aa9a8b2f788b477484e254cf4562d025.jpg\" alt=\"Tủ đầu giường gỗ VIENNA đẹp hiện đại\"></p><p class=\"ql-align-justify\">&nbsp;</p><p class=\"ql-align-justify\"><strong>Trang bị dây đai bảo vệ nội thất&nbsp;Anti Tip Kit</strong></p><p class=\"ql-align-justify\">Giúp tủ không bị lật đổ về phía trước gây nguy hiểm cho người dùng, an toàn cho trẻ nhỏ.</p><p class=\"ql-align-center\"><img src=\"https://file.hstatic.net/200000065946/file/noi-that-moho-vienna-tu-dau-giuong-6_52aeea479b944e7198de89faa0a322e1.jpg\" alt=\"noi-that-moho-vienna-tu-dau-giuong-6\"></p><p class=\"ql-align-justify\"><strong>Bề mặt tủ sơn phủ UV</strong></p><p class=\"ql-align-justify\">Giúp bề mặt sản phẩm nhẵn, nhịn, hạn chế trầy xước.</p><p class=\"ql-align-justify\"><strong>Chân nhựa giúp nâng đỡ sản phẩm, giảm trầy xước</strong></p><p class=\"ql-align-justify\">Bảo vệ sàn nhà giảm trầy xước và dễ dàng khi di chuyển sản phẩm.</p><h3><strong>Có 02 màu sắc lựa chọn</strong></h3><p>Màu gỗ tự nhiên và màu nâu</p><p class=\"ql-align-center\"><img src=\"https://file.hstatic.net/200000065946/file/noi-that-moho-vienna-tu-dau-giuong-7_2b8d62cd4595441da68b2d3234309f91.jpg\" alt=\"noi-that-moho-vienna-tu-dau-giuong-7\"></p><p>&nbsp;</p><h2 class=\"ql-align-center\"><strong>4. KHÔNG GIAN SỐNG</strong></h2><p class=\"ql-align-justify\"><a href=\"https://moho.com.vn/collections/tu-dau-giuong\" rel=\"noopener noreferrer\" target=\"_blank\" style=\"color: rgb(67, 67, 67);\">Tủ đầu giường</a>&nbsp;VIENNA giúp không gian&nbsp;<a href=\"https://moho.com.vn/collections/phong-ngu\" rel=\"noopener noreferrer\" target=\"_blank\" style=\"color: rgb(67, 67, 67);\"><strong><u>nội thất phòng ngủ</u></strong></a>&nbsp;trở nên chỉnh chu và tiện lợi hơn khi đặt một số vật dụng của phòng ngủ.</p><p class=\"ql-align-center\"><img src=\"https://file.hstatic.net/200000065946/file/noi-that-moho-vienna-tu-dau-giuong-8_fe70c87102924e4ebded9b0b755e1239.jpg\" alt=\"noi-that-moho-vienna-tu-dau-giuong-8\"></p><p><br></p>', 1431000.00, 7, 3, 2, '<p><strong>Kích thước:&nbsp;</strong>Dài 48cm x Rộng 40cm x Cao 50cm</p><p><strong>Chất liệu:&nbsp;</strong>Gỗ công nghiệp MFC phủ Melamin chuẩn CARB-P2 (*), Sơn phủ UV</p><p><em>(*) Tiêu chuẩn California Air Resources Board xuất khẩu Mỹ, đảm bảo gỗ không độc hại, an toàn cho sức khỏe</em></p>', 5, 1590000.00, 1),
(25, 'Bàn Sofa – Bàn Cafe – Bàn Trà Gỗ Cao Su MOHO MILAN 601 Xám', 'http://localhost:4000/uploads/file_1732191418550.jpg', '<p class=\"ql-align-center\"><a href=\"https://moho.com.vn/collections/ban-sofa-ban-cafe-ban-tra\" rel=\"noopener noreferrer\" target=\"_blank\" style=\"color: rgb(67, 67, 67);\">BÀN SOFA - BÀN CAFE - BÀN TRÀ</a>&nbsp;</p><p class=\"ql-align-center\">GỖ CAO SU MOHO MILAN&nbsp;601&nbsp;XÁM</p><h2 class=\"ql-align-center\"><strong>1. THÔNG SỐ KỸ THUẬT&nbsp;</strong></h2><p class=\"ql-align-center\"><img src=\"https://file.hstatic.net/200000065946/file/moho-verona-ban-cafe-801-xam_1_df8a7c061db64539948706b38c8ab639.png\" alt=\"moho-verona-ban-cafe-801-xam_1\"></p><p>&nbsp;</p><h2 class=\"ql-align-center\"><strong>2. CHI TIẾT VẬT LIỆU</strong></h2><h3 class=\"ql-align-justify\"><strong>Gỗ công nghiệp</strong></h3><p>Sản phẩm&nbsp;sử dụng chất liệu&nbsp;<a href=\"https://moho.com.vn/blogs/noi-that-ung-dung/go-cong-nghiep-la-gi-cac-loai-go-cong-nghiep-hien-nay\" rel=\"noopener noreferrer\" target=\"_blank\" style=\"color: rgb(67, 67, 67);\"><u>gỗ công nghiệp</u></a>&nbsp;(PB, MDF) đạt chuẩn&nbsp;<a href=\"https://moho.com.vn/blogs/news/noi-that-moho-dat-chuan-carb-p2-an-toan-cho-suc-khoe\" rel=\"noopener noreferrer\" target=\"_blank\" style=\"color: rgb(67, 67, 67);\"><u>CARB-P2</u></a>&nbsp;an toàn tuyệt đối cho người sức khỏe người dùng và đạt&nbsp;<a href=\"https://moho.com.vn/blogs/noi-that-ung-dung/chung-nhan-fsc-chung-nhan-bao-ve-rung-quy-mo-toan-cau\" rel=\"noopener noreferrer\" target=\"_blank\" style=\"color: rgb(67, 67, 67);\"><u>chứng nhận FSC</u></a>&nbsp;bảo vệ và phát triển rừng.</p><h3><strong>Gỗ cao su tự nhiên</strong></h3><p>Sử dụng chất liệu&nbsp;<a href=\"https://moho.com.vn/blogs/noi-that-ung-dung/tim-hieu-ve-cac-loai-go-tu-nhien-thong-dung\" rel=\"noopener noreferrer\" target=\"_blank\" style=\"color: rgb(67, 67, 67);\"><u>gỗ cao su</u></a>&nbsp;tự nhiên giúp sản phẩm có khả năng chịu lực tốt và độ bền cao.</p><p class=\"ql-align-center\"><img src=\"https://file.hstatic.net/200000065946/file/moho-verona-ban-cafe-801-xam_2_cbe66e1a58164530820d8830f152dcf9.jpg\" alt=\"moho-verona-ban-cafe-801-xam_2\"></p><p>&nbsp;</p><h2 class=\"ql-align-center\"><strong>3. ĐẶC ĐIỂM NỔI BẬT</strong></h2><p class=\"ql-align-justify\">Các thiết kế từ&nbsp;<a href=\"https://moho.com.vn/collections/milan-collection\" rel=\"noopener noreferrer\" target=\"_blank\" style=\"color: rgb(67, 67, 67);\"><strong><u>bộ sưu tập nội thất</u>&nbsp;MILAN</strong></a>&nbsp;lấy ý tưởng&nbsp;từ kinh đô thời trang thế giới – nước Ý,&nbsp;truyền tải hơi thở hiện đại và tinh tế trong từng đường nét.</p><p class=\"ql-align-justify\"><strong>Bàn sofa mang kiểu dáng tinh tế</strong></p><p>Thiết kế cơ bản và tông màu xám chủ đạo tạo cảm giác thoải mái, sáng giúp bạn dễ dàng hòa hợp với nhiều không gian&nbsp;<a href=\"https://moho.com.vn/collections/phong-khach\" rel=\"noopener noreferrer\" target=\"_blank\" style=\"color: rgb(41, 128, 185);\"><strong>nội thất&nbsp;phòng khách</strong></a>.</p><p class=\"ql-align-center\"><img src=\"https://file.hstatic.net/200000065946/file/moho-verona-ban-cafe-801-xam_3_21693fa6d0ef44a284c7d44e95c87f01.jpg\" alt=\"moho-verona-ban-cafe-801-xam_3\"></p><p class=\"ql-align-justify\">&nbsp;</p><h3 class=\"ql-align-justify\"><strong>Nội thất bền bỉ theo thời gian</strong></h3><p>Mặt bàn được sơn phủ bằng công nghệ NC góp phần giúp sản phẩm có bề mặt sáng đẹp lâu dài và độ bền màu cực kỳ chắc chắn.</p><p class=\"ql-align-center\"><img src=\"https://file.hstatic.net/200000065946/file/moho-verona-ban-cafe-801-xam_4_9d94d0bd20f64432a3ae762475a8b2a3.jpg\" alt=\"moho-verona-ban-cafe-801-xam_4\"></p><p class=\"ql-align-justify\">&nbsp;</p><h3 class=\"ql-align-justify\"><strong>Kết cấu chắc chắn</strong></h3><p class=\"ql-align-justify\">Chân bàn trà sofa được làm từ chất liệu gỗ cao su tự nhiên, thiết kế bo tròn tạo sự mềm mại cùng khả năng chịu lực tốt.&nbsp;</p><p class=\"ql-align-center\"><img src=\"https://file.hstatic.net/200000065946/file/moho-verona-ban-cafe-801-xam_5_2d6863e08e9b45f998df146c4b2a4802.jpg\" alt=\"moho-verona-ban-cafe-801-xam_5\"></p><p class=\"ql-align-center\">&nbsp;</p><h2 class=\"ql-align-center\"><strong>4. KHÔNG GIAN SỐNG</strong></h2><p>Bàn Sofa – Bàn Cafe – Bàn Trà Gỗ Cao Su MOHO MILAN 601 Xám có kích thước nhỏ gọn, thích hợp cho những chung cư 1 phòng ngủ, căn hộ studio ưa chuộng phong cách ấm cúng, hiện đại. Sản phẩm có thể kết hợp cùng&nbsp;<a href=\"https://moho.com.vn/products/ban-sofa-ban-cafe-ban-tra-go-cao-su-moho-milan-601-trang\" rel=\"noopener noreferrer\" target=\"_blank\" style=\"color: rgb(41, 128, 185);\">Bàn Sofa – Bàn Cafe – Bàn Trà Gỗ Cao Su MOHO MILAN 601 Trắng</a>&nbsp;để tạo thành set 2 sản phẩm hoàn thiện cho phòng khách.</p><p class=\"ql-align-center\"><img src=\"https://file.hstatic.net/200000065946/file/moho-verona-ban-cafe-801-xam_6_8c64ea3c2f1d4c32b93b73152f18ccf7.jpg\" alt=\"moho-verona-ban-cafe-801-xam_6\"></p><p class=\"ql-align-center\">&nbsp;</p><p><br></p>', 584100.00, 2, 2, 1, '<p><br></p><p><strong>Kích thước:&nbsp;</strong>Dài 70cm x Rộng 60cm x Cao 38cm</p><p><strong>Chất liệu:</strong></p><p>- Mặt bàn: Gỗ công nghiệp MDF chuẩn CARB-P2 (*), Sơn phủ UV</p><p>- Chân bàn: Gỗ cao su tự nhiên</p><p><em>(*) Tiêu chuẩn California Air Resources Board xuất khẩu Mỹ, đảm bảo gỗ không độc hại, an toàn cho sức khỏe</em></p>', 5, 649000.00, 1),
(26, 'Ghế Sofa Gỗ Cao Su Tự Nhiên MOHO FYN 901', 'http://localhost:4000/uploads/file_1732191544979.jpg', '<h3 class=\"ql-align-center\"><a href=\"https://moho.com.vn/collections/ghe-sofa\" rel=\"noopener noreferrer\" target=\"_blank\" style=\"color: rgb(41, 128, 185);\">GHẾ SOFA</a>&nbsp;GỖ CAO SU TỰ NHIÊN MOHO FYN 901&nbsp;</h3><h2 class=\"ql-align-center\"><strong>1. THÔNG SỐ KỸ THUẬT</strong></h2><p class=\"ql-align-center\"><strong><img src=\"https://file.hstatic.net/200000065946/file/fyn_sofa_demension_master.png\"></strong></p><p>&nbsp;</p><h2 class=\"ql-align-center\">&nbsp;</h2><h2 class=\"ql-align-center\"><strong>2. CHI TIẾT VẬT LIỆU</strong></h2><h3><strong>Vải bọc polyester&nbsp;</strong></h3><p>Vải bọc polyester với độ bền đẹp cao, khả năng&nbsp;chống nhăn cực tốt, giúp ghế sofa FYN kháng bụi bẩn và nấm mốc, đồng thời&nbsp;người dùng&nbsp;cũng dễ dàng vệ sinh.&nbsp;</p><p class=\"ql-align-center\"><strong><img src=\"https://file.hstatic.net/200000065946/file/noi-that-moho-fyn-sofa_901-2_b15d16850a294f22af09cfa16dda5463.png\" alt=\"noi-that-moho-fyn-sofa_901-2\"></strong></p><p>&nbsp;</p><h3><strong>Gỗ cao su tự nhiên</strong></h3><p>Sofa sử dụng chất liệu&nbsp;<a href=\"https://moho.com.vn/blogs/noi-that-ung-dung/tim-hieu-ve-cac-loai-go-tu-nhien-thong-dung\" rel=\"noopener noreferrer\" target=\"_blank\" style=\"color: rgb(67, 67, 67);\"><strong><u>gỗ cao su</u></strong></a>&nbsp;tự nhiên giúp ghế sofa FYN&nbsp;có khả năng chịu lực tốt và độ bền cao.&nbsp;</p><p><strong>Tấm phản</strong></p><p><strong>Sử dụng gỗ công nghiệp Plywood có độ bền cao, đạt chuẩn CARB-P2 an toàn tuyệt đối cho người sức khỏe người dùng và đạt chứng nhận FSC bảo vệ và phát triển rừng bền vững.</strong></p><p><strong>&nbsp;</strong></p><p class=\"ql-align-center\"><strong><img src=\"https://file.hstatic.net/200000065946/file/noi-that-moho-fyn-sofa_901-3_8fa72fc340bf48e9be1466ad97b4da74.png\" alt=\"noi-that-moho-fyn-sofa_901-3\"></strong></p><p><em>* Một số sản phẩm sử dụng gỗ tự nhiên có thể xuất hiện mắt gỗ ngẫu nhiên trên bề mặt sản phẩm, điều này là hoàn toàn tự nhiên, tạo nên sự độc đáo riêng cho từng sản phẩm. Vì vậy MOHO sẽ không áp dụng các chính sách đổi trả, bảo hành và bảo trì cho các trường hợp này.</em></p><p><strong>&nbsp;</strong></p><h2 class=\"ql-align-center\"><strong>3. ĐẶC ĐIỂM NỔI BẬT</strong></h2><p><a href=\"https://moho.com.vn/products/ghe-sofa-go-cao-su-tu-nhien-moho-fyn-901\" rel=\"noopener noreferrer\" target=\"_blank\" style=\"color: rgb(67, 67, 67);\"><strong><u>Sofa&nbsp;FYN</u></strong></a>&nbsp;với thiết kế kiểu dáng hiện đại, chất liệu gỗ thân thiện môi trường, an toàn sức khỏe không chỉ phù hợp với nhiều phong cách nội thất mà còn tạo nên không gian phòng ăn ấm cúng, gắn kết các thành viên trong gia đình với nhau.</p><p class=\"ql-align-center\"><strong><img src=\"https://file.hstatic.net/200000065946/file/noi-that-moho-ghe-sofa-go-cao-su-fyn-2_c6eec73149744c3fbacd56b925b898ba.jpg\" alt=\"Ghế Sofa Gỗ Cao Su Tự Nhiên MOHO FYN 901 21\"></strong></p><p class=\"ql-align-center\"><strong><img src=\"https://file.hstatic.net/200000065946/file/noi-that-moho-fyn-sofa_901-4_937d8ab7c16d439781848cf2e4301c61.png\" alt=\"noi-that-moho-fyn-sofa_901-4\"></strong></p><h3>&nbsp;</h3><h3><strong>Khóa dán chống trượt</strong></h3><p>Ghế sofa có&nbsp;thiết kế bao gồm&nbsp;khóa dán bên dưới sẽ giúp cho ghế sofa cố định được tấm nệm, bạn sẽ không còn lo lắng về việc tấm nệm bị trượt ra bên ngoài mỗi khi sử dụng.</p><p class=\"ql-align-center\"><strong><img src=\"https://file.hstatic.net/200000065946/file/noi-that-moho-fyn-sofa_901-5_8bc7d181d97d4db28e762433e70716f1.png\" alt=\"noi-that-moho-fyn-sofa_901-5\"></strong></p><h3>&nbsp;</h3><h3><strong>Băng dính gai - cố định nệm ngồi&nbsp;</strong></h3><p>Bên cạnh khóa dán chống trượt, Sofa FYN còn&nbsp;được gia tăng thêm độ chắc chắn với băng dính gai cho phần nệm ngồi, an toàn&nbsp;sử dụng khi nhà có trẻ nhỏ.</p><p class=\"ql-align-center\"><strong><img src=\"https://file.hstatic.net/200000065946/file/noi-that-moho-fyn-sofa_901-6_66ce61bd292c428bb9a2faf7cbcbd967.png\" alt=\"noi-that-moho-fyn-sofa_901-6\"></strong></p><h3>&nbsp;</h3><h3><strong>Bộ khung hoàn toàn từ&nbsp;gỗ cao su tự nhiên&nbsp;</strong></h3><p>Sofa FYN được thiết kế mang kết cấu chắc chắn, cùng với đó là&nbsp;khả năng chịu lực tốt nhờ vào đặc tính tối ưu của gỗ cao su như là dẻo dai, cứng cáp, không thấm nước... qua đó giúp sản phẩm bền bỉ và sử dụng lâu dài.</p><p class=\"ql-align-center\"><strong><img src=\"https://file.hstatic.net/200000065946/file/noi-that-moho-fyn-sofa_901-7_5ed62f75591f4453b8675eed70cca655.png\" alt=\"noi-that-moho-fyn-sofa_901-7\"></strong></p><h3>&nbsp;</h3><h3><strong>Vải bọc tháo rời tiện lợi&nbsp;</strong></h3><p>Ghế Sofa có thiết kế vải bọc với khóa kéo linh động, giúp bạn&nbsp;dễ dàng vệ sinh mà vẫn đảm bảo tính thẩm mỹ của sản phẩm.&nbsp;</p><p class=\"ql-align-center\"><strong><img src=\"https://file.hstatic.net/200000065946/file/noi-that-moho-fyn-sofa_901-8_693184e5c6df46f7a7d1cad38e2037ab.png\" alt=\"noi-that-moho-fyn-sofa_901-8\"></strong></p><h3>&nbsp;</h3><p><strong>Khóa kéo kết nối giữa nệm ngồi và lưng tựa&nbsp;</strong></p><p><strong>Bộ nệm của Sofa FYN còn được thiết kế thêm khóa kéo&nbsp;phụ, giúp&nbsp;kết nối giữa&nbsp;nệm ngồi và lưng tựa, từ đó&nbsp;cố định tấm nệm không bị xê dịch trong quá trình sử dụng.</strong></p><p class=\"ql-align-center\"><strong><img src=\"https://file.hstatic.net/200000065946/file/noi-that-moho-fyn-sofa_901-9_507e8e4564804d3cbbab4cc784947380.png\" alt=\"noi-that-moho-fyn-sofa_901-9\"></strong></p><p>&nbsp;</p><p><strong>Vải bọc sợi tổng hợp - Soil release</strong></p><p><strong>Tấm nệm của Sofa FYN sử dụng vải bọc sợi tổng hợp với khả năng hỗ trợ&nbsp;chống thấm cao, giúp ngăn chặn các chất lỏng như nước, dầu và các thức uống có màu thấm vào bên trong - thay vào đó&nbsp;các chất lỏng sẽ trượt khỏi bề mặt của vải nhanh chóng, giúp sản phẩm giữ được độ mới và dễ dàng vệ sinh.</strong></p><p class=\"ql-align-center\"><strong><img src=\"https://file.hstatic.net/200000065946/file/noi-that-moho-vai-boc-chong-tham-nuoc_3281b92e20b74eec8a32f42e38a7a8d9.jpg\" alt=\"Vải bọc sợi tổng hợp từ Nội Thất MOHO chống thấm nước\"></strong></p><p>&nbsp;</p><p><strong>Góc độ lưng tựa tối ưu tốt cho cơ thể&nbsp;</strong></p><p><strong>Các góc nghiêng trên sofa&nbsp;được thiết kế dựa trên số đo cơ thể người, mang lại cảm giác thoải mái và thư giãn.</strong></p><p class=\"ql-align-center\"><strong><img src=\"https://file.hstatic.net/200000065946/file/noi-that-moho-fyn-sofa_901-11_c523157e51b542f2a5a75cb66359f637.png\" alt=\"noi-that-moho-fyn-sofa_901-11\"></strong></p><p>&nbsp;</p><h3><strong>Dễ dàng vệ sinh với độ cao thoáng đãng</strong></h3><p>Khoảng cách gầm lên đến 19cm tạo khoảng trống lớn giúp người dùng, robot hút bụi có thể lau dọn dưới sàn sofa một cách dễ dàng.</p><p class=\"ql-align-center\"><strong><img src=\"https://file.hstatic.net/200000065946/file/noi-that-moho-fyn-sofa_901-12_b48ddd4070414340b04d317a5d318353.png\" alt=\"noi-that-moho-fyn-sofa_901-12\"></strong></p><h3>&nbsp;</h3><h2 class=\"ql-align-center\"><strong>4. KHÔNG GIAN SỐNG</strong></h2><p>Nội thất MOHO vận dụng hài hòa phong cách thiết kế Japandi, sự kết hợp giữa Nhật Bản thanh lịch và Scandinavia sang trọng, với sứ mệnh mang đến sự tinh tế và tối giản cho tổ ấm của bạn, phù hợp với mọi không gian sống và phong cách thiết kế, MOHO&nbsp;đã tạo nên bộ sưu tập nội thất&nbsp;FYN mà tiêu biếu chính là&nbsp;<a href=\"https://moho.com.vn/collections/ghe-sofa\" rel=\"noopener noreferrer\" target=\"_blank\" style=\"color: rgb(41, 128, 185);\"><strong>ghế sofa phòng khách</strong></a>&nbsp;FYN 901.&nbsp;Ngoài ra, bạn&nbsp;có kết hợp thêm những đồ gỗ nội thất phòng khách khác như&nbsp;<a href=\"https://moho.com.vn/collections/tu-ke-tivi\" rel=\"noopener noreferrer\" target=\"_blank\" style=\"color: rgb(41, 128, 185);\"><strong>tủ kệ tivi</strong></a><strong style=\"color: rgb(41, 128, 185);\">,&nbsp;</strong><a href=\"https://moho.com.vn/collections/ban-sofa-ban-cafe-ban-tra\" rel=\"noopener noreferrer\" target=\"_blank\" style=\"color: rgb(41, 128, 185);\"><strong>bàn trà sofa</strong></a><strong style=\"color: rgb(41, 128, 185);\">,&nbsp;</strong><a href=\"https://moho.com.vn/collections/tu-giay-tu-trang-tri\" rel=\"noopener noreferrer\" target=\"_blank\" style=\"color: rgb(41, 128, 185);\"><strong>tủ giày</strong></a><strong style=\"color: rgb(41, 128, 185);\">,&nbsp;</strong><a href=\"https://moho.com.vn/collections/tu-ke\" rel=\"noopener noreferrer\" target=\"_blank\" style=\"color: rgb(41, 128, 185);\"><strong>tủ kệ sách</strong></a>...&nbsp;để tạo nên một không gian sống hoàn thiện cho gia đình.<strong><img src=\"https://file.hstatic.net/200000065946/file/noi-that-moho-fyn-sofa_901-13_c7c9e958c52f456dacb99bc47d3a8b33.png\" alt=\"noi-that-moho-fyn-sofa_901-13\"></strong></p><p class=\"ql-align-center\"><strong><img src=\"https://file.hstatic.net/200000065946/file/noi-that-moho-ghe-sofa-go-cao-su-fyn-1_2095c7887f134d6fa9259fe6d6836de2.jpg\" alt=\"Ghế Sofa Gỗ Cao Su Tự Nhiên MOHO FYN 901 20\"></strong></p>', 13356900.00, 19, 1, 1, '<p><strong>Kích thước:&nbsp;</strong>Dài 206cm x Rộng 81,5cm x Cao 79cm</p><p><strong>Chất liệu:</strong></p><p>- Gỗ cao su tự nhiên&nbsp;</p><p>- Vải bọc sợi tổng hợp có khả năng chống thấm nước và dầu&nbsp;</p><p><em>-&nbsp;</em>Tấm phản: Gỗ công nghiệp Plywood chuẩn CARB-P2 (*)&nbsp;</p><p><em>(*) Tiêu chuẩn California Air Resources Board xuất khẩu Mỹ, đảm bảo gỗ không độc hại, an toàn sức khỏe.</em></p>', 5, 14841000.00, 1),
(27, 'Tủ Quần Áo Gỗ MOHO VIENNA 201 4 Cánh', 'http://localhost:4000/uploads/file_1732192221640.webp', '<p><img src=\"https://file.hstatic.net/200000065946/file/1__1__79b00ae576134b8c804394b68b559d6c_2048x2048.jpg\" alt=\"tủ quần áo vienna 4 cánh không tay nắm\"></p><p><img src=\"https://file.hstatic.net/200000065946/file/bo_sung__1__053205e3d5634c42a7df64ea7917d40d_1024x1024.jpg\"></p><p><img src=\"https://file.hstatic.net/200000065946/file/bo_sung__2__e933383561cd4b629ca1d06d6cf81033_1024x1024.jpg\"><img src=\"https://file.hstatic.net/200000065946/file/bo_sung__3__89ee9ce5c1264944b99363bc43930746_1024x1024.jpg\"></p>', 14823000.00, 3, 3, 2, '<p>Kích thước:&nbsp;Dài 200cm x Rộng 60cm x Cao 2m1</p><p>Chất liệu:</p><p>- Cánh tủ + Thân tủ: Gỗ MFC phủ Melamine chuẩn CARB-P2 (*)</p><p>- Lưng tủ: Gỗ MDF phủ Melamine chuẩn CARB-P2 (*)</p><p>- Thanh treo: Hợp kim nhôm, chống gỉ sét</p><p>(*) Tiêu chuẩn California Air Resources Board xuất khẩu Mỹ, đảm bảo gỗ không độc hại, an toàn cho sức khỏe</p>', 5, 16470000.00, 1),
(28, 'Ghế Ăn Gỗ Cao Su Tự Nhiên MOHO MILAN 601 Màu Gỗ', 'http://localhost:4000/uploads/file_1732192480750.jpg', '<p class=\"ql-align-center\"><a href=\"https://moho.com.vn/collections/ghe-an\" rel=\"noopener noreferrer\" target=\"_blank\" style=\"color: rgb(67, 67, 67);\">GHẾ ĂN GỖ</a>&nbsp;CAO SU TỰ NHIÊN MOHO MILAN 601</p><h2 class=\"ql-align-center\"><strong>1. THÔNG SỐ KỸ THUẬT</strong></h2><p class=\"ql-align-center\"><span style=\"color: rgb(119, 122, 123);\"><img src=\"https://file.hstatic.net/200000065946/file/noi-that-moho-milan-ghe-an-nat_1_d66ef603ce154074b5dd636c31b58dda.jpg\" alt=\"noi-that-moho-milan-ghe-an-nat_1\"></span></p><p>&nbsp;</p><h2 class=\"ql-align-center\"><strong>2. CHI TIẾT VẬT&nbsp;LIỆU</strong></h2><h3 class=\"ql-align-justify\"><strong>Gỗ cao su tự nhiên</strong></h3><p class=\"ql-align-justify\">Sử dụng chất liệu&nbsp;<a href=\"https://moho.com.vn/blogs/noi-that-ung-dung/tim-hieu-ve-cac-loai-go-tu-nhien-thong-dung\" rel=\"noopener noreferrer\" target=\"_blank\" style=\"color: rgb(39, 103, 143);\"><strong><u>gỗ cao su</u></strong></a>&nbsp;giúp sản phẩm có khả năng chịu lực tốt và độ bền cao.&nbsp;</p><h3 class=\"ql-align-justify\"><strong>Vải bọc polyester&nbsp;</strong></h3><p class=\"ql-align-justify\">Vải bọc polyester chống nhăn, kháng bụi bẩn và nấm mốc, dễ dàng vệ sinh.&nbsp;</p><p class=\"ql-align-center\"><span style=\"color: rgb(119, 122, 123);\"><img src=\"https://file.hstatic.net/200000065946/file/noi-that-moho-milan-ghe-an-nat-2_488ce3b2162b4034b71931d43edeeb24.jpg\" alt=\"noi-that-moho-milan-ghe-an-nat_2\"></span></p><p class=\"ql-align-justify\">&nbsp;</p><p class=\"ql-align-center\"><span style=\"color: rgb(119, 122, 123);\"><img src=\"https://file.hstatic.net/200000065946/file/noi-that-moho-van-go-tu-nhien_89dbfa2369334bfc9c8847b12b796d2c.jpg\" alt=\"Lưu ý vân gỗ\"></span></p><p><em>* Một số sản phẩm sử dụng gỗ tự nhiên có thể xuất hiện mắt gỗ ngẫu nhiên và vân gỗ trên bề mặt mỗi sản phẩm sẽ khác nhau – điều này là hoàn toàn tự nhiên, tạo nên sự độc đáo riêng cho từng sản phẩm. Vì vậy MOHO sẽ không áp dụng các chính sách đổi trả, bảo hành và bảo trì cho các trường hợp này.</em></p><p><span style=\"color: rgb(119, 122, 123);\">&nbsp;</span></p><h2 class=\"ql-align-center\"><strong>3. ĐẶC ĐIỂM NỔI BẬT</strong></h2><p class=\"ql-align-justify\">Các thiết kế từ&nbsp;<a href=\"https://moho.com.vn/collections/milan-collection\" rel=\"noopener noreferrer\" target=\"_blank\" style=\"color: rgb(39, 103, 143);\"><strong><u>bộ sưu tập nội thất</u>&nbsp;MILAN</strong></a>&nbsp;lấy ý tưởng&nbsp;từ kinh đô thời trang thế giới – nước Ý,&nbsp;truyền tải hơi thở hiện đại và tinh tế trong từng đường nét.&nbsp;</p><h3 class=\"ql-align-justify\"><strong>Kiểu dáng tinh tế và hiện đại</strong></h3><p class=\"ql-align-justify\"><a href=\"https://moho.com.vn/collections/ghe-an\" rel=\"noopener noreferrer\" target=\"_blank\" style=\"color: rgb(39, 103, 143);\"><strong>Ghế ăn cơm gia đình</strong></a>&nbsp;MILAN sở hữu thiết kế tối giản và hiện đại, được thể hiệm&nbsp;tông màu gỗ tự nhiên mang đến không gian&nbsp;<a href=\"https://moho.com.vn/collections/phong-an\" rel=\"noopener noreferrer\" target=\"_blank\" style=\"color: rgb(39, 103, 143);\"><strong>nội thất phòng ăn</strong></a>&nbsp;hiện đại, phù hợp với nhiều phong cách&nbsp;<a href=\"https://moho.com.vn/\" rel=\"noopener noreferrer\" target=\"_blank\" style=\"color: rgb(39, 103, 143);\"><strong>nội thất</strong></a></p><h3><strong>Lưng tựa cong mềm mại</strong></h3><p>Lưng tựa của ghế được bo cong đầy mượt mà, giúp ôm trọn lấy phần lưng người ngồi, từ đó đem lại cảm giác thoải mái trong suốt thời gian.</p><p class=\"ql-align-center\"><span style=\"color: rgb(119, 122, 123);\"><img src=\"https://file.hstatic.net/200000065946/file/noi-that-moho-ghe-an-go-milan-4_c6edf6e57f1e43d28243de3ebeb8de9c.jpg\" alt=\"Ghế ăn gỗ cao su MOHO MILAN 4\"></span></p><p class=\"ql-align-justify\">&nbsp;</p><h3><strong>Đệm ghế uốn cong độc đáo</strong></h3><p>Phần đệm ngồi được uốn cong xuống bao trọn lấy phần mông người ngồi, nâng đỡ tốt hơn. Chất liệu vải polyester hạn chế bám bẩn, nấm mốc.</p><p class=\"ql-align-center\"><span style=\"color: rgb(119, 122, 123);\"><img src=\"https://file.hstatic.net/200000065946/file/noi-that-moho-ghe-an-go-milan-2_7adbdf9bbd234b04a56267a050566c39.jpg\" alt=\"Ghế ăn gỗ cao su MOHO MILAN 2\"></span></p><p class=\"ql-align-center\"><span style=\"color: rgb(119, 122, 123);\">&nbsp;</span></p><h3><strong>Độ nghiêng hợp lý&nbsp;</strong></h3><p>Ghế ăn gỗ MILAN sở hữu độ nghiêng hoàn hảo được tính toán nhằm mang đến trải nghiệm thoải mái nhất khi sử dụng.&nbsp;</p><p class=\"ql-align-center\"><span style=\"color: rgb(119, 122, 123);\"><img src=\"https://file.hstatic.net/200000065946/file/noi-that-moho-ghe-an-go-milan-3_786efeecb25f4fd38d97345846a82a28.jpg\" alt=\"Ghế ăn gỗ cao su MOHO MILAN 3\"></span></p><p>&nbsp;</p><h3><strong>Logo MOHO độc quyền</strong></h3><p>Sản phẩm có Logo&nbsp;độc quyền trên phần thân ghế ăn, tránh sản phẩm kém chất lượng cùng chất liệu gỗ eco-friendly, đảm bảo an toàn sức khoẻ.</p><p class=\"ql-align-center\"><span style=\"color: rgb(119, 122, 123);\"><img src=\"https://file.hstatic.net/200000065946/file/noi-that-moho-milan-ghe-an-nat-8_b39333235a9b4e5ba166097c13058e4c.jpg\" alt=\"noi-that-moho-milan-ghe-an-nat_8\"></span></p><p>&nbsp;</p><p><strong>Có 02&nbsp;màu sắc lựa chọn&nbsp;</strong></p><p><span style=\"color: rgb(119, 122, 123);\">Ghế MILAN 601 màu nâu</span></p><p><span style=\"color: rgb(119, 122, 123);\">Ghế MILAN 601 màu tự nhiên</span></p><p class=\"ql-align-center\"><span style=\"color: rgb(119, 122, 123);\"><img src=\"https://file.hstatic.net/200000065946/file/noi-that-moho-ghe-an-go-milan-nau-5_40e46651023a44b3b066ac696c04ee36.jpg\" alt=\"Ghế ăn gỗ cao su MOHO MILAN 5\"></span></p><p>&nbsp;</p>', 1791000.00, 5, 1, 4, '<p><strong>Kích thước:&nbsp;</strong>Dài 52cm x Rộng 49cm x Cao đến đệm ngồi/lưng tựa 46cm/74cm</p><p><strong>Chất liệu:</strong></p><p>- Gỗ cao su tự nhiên</p><p>- Vải bọc polyester chống nhăn, kháng bụi bẩn và nấm mốc</p><p><em>Chống thấm, cong vênh, trầy xước, mối mọt</em></p>', 5, 1990000.00, 1),
(29, 'Nệm Lò Xo BH12N Harmony (NC)', 'http://localhost:4000/uploads/file_1732192773182.webp', '<p><strong style=\"color: rgb(67, 67, 67);\">Kích thước:</strong><span style=\"color: rgb(67, 67, 67);\">&nbsp;1m6/1m8 x 2m0 x 28cm</span></p><p><br></p><p><strong style=\"color: rgb(67, 67, 67);\">Chất liệu:</strong><span style=\"color: rgb(67, 67, 67);\">&nbsp;Nệm lò xo túi Harmony​​​​​​​</span></p><p><br></p><p><strong style=\"color: rgb(67, 67, 67);\">Phí giao hàng:</strong></p><p><br></p><p><span style=\"color: rgb(67, 67, 67);\">- Các tỉnh thành khác: tùy theo địa điểm giao hàng</span></p><p><br></p><p><em style=\"color: rgb(67, 67, 67);\">* Sản phẩm có xuất hóa đơn VAT</em></p><p><br></p><p><em style=\"color: rgb(67, 67, 67);\">* Sản phẩm áp dụng đổi trả nếu bị lỗi sản xuất, áp dụng bảo hành theo phiếu bảo hành kèm theo sản phẩm</em></p>', 11331000.00, 10, 5, 2, '<p><strong style=\"color: rgb(67, 67, 67);\">Kích thước:</strong><span style=\"color: rgb(67, 67, 67);\">&nbsp;1m6/1m8 x 2m0 x 28cm</span></p><p><br></p><p><strong style=\"color: rgb(67, 67, 67);\">Chất liệu:</strong><span style=\"color: rgb(67, 67, 67);\">&nbsp;Nệm lò xo túi Harmony​​​​​​​</span></p><p><br></p><p><strong style=\"color: rgb(67, 67, 67);\">Phí giao hàng:</strong></p><p><br></p><p><span style=\"color: rgb(67, 67, 67);\">- Các tỉnh thành khác: tùy theo địa điểm giao hàng</span></p><p><br></p><p><em style=\"color: rgb(67, 67, 67);\">* Sản phẩm có xuất hóa đơn VAT</em></p><p><br></p><p><em style=\"color: rgb(67, 67, 67);\">* Sản phẩm áp dụng đổi trả nếu bị lỗi sản xuất, áp dụng bảo hành theo phiếu bảo hành kèm theo sản phẩm</em></p>', 5, 12590000.00, 1),
(30, 'Nệm Cao Su Thiên Nhiên 1 Mặt Lỗ Nhỏ Nhiều Kích Thước (Bảo Hành 12 Năm)', 'http://localhost:4000/uploads/file_1732192976924.webp', '<p><strong style=\"color: rgb(67, 67, 67);\">Kích thước:</strong><span style=\"color: rgb(67, 67, 67);\">&nbsp;1m6/1m8 x 2m0 x 28cm</span></p><p><br></p><p><strong>Chất liệu:</strong>&nbsp;Cao su thiên nhiên</p><p><strong>Bảo hành:</strong>&nbsp;12 năm</p><p><br></p><p><strong style=\"color: rgb(67, 67, 67);\">Phí giao hàng:</strong></p><p><br></p><p><span style=\"color: rgb(67, 67, 67);\">- Các tỉnh thành khác: tùy theo địa điểm giao hàng</span></p><p><br></p><p><em style=\"color: rgb(67, 67, 67);\">* Sản phẩm có xuất hóa đơn VAT</em></p><p><br></p><p><em style=\"color: rgb(67, 67, 67);\">* Sản phẩm áp dụng đổi trả nếu bị lỗi sản xuất, áp dụng bảo hành theo phiếu bảo hành kèm theo sản phẩm</em></p>', 10350000.00, 1, 5, 2, '<p><strong style=\"color: rgb(67, 67, 67);\">Kích thước:</strong><span style=\"color: rgb(67, 67, 67);\">&nbsp;1m6/1m8 x 2m0 x 28cm</span></p><p><br></p><p><strong>Chất liệu:</strong>&nbsp;Cao su thiên nhiên</p><p><strong>Bảo hành:</strong>&nbsp;12 năm</p><p><br></p><p><strong style=\"color: rgb(67, 67, 67);\">Phí giao hàng:</strong></p><p><br></p><p><span style=\"color: rgb(67, 67, 67);\">- Các tỉnh thành khác: tùy theo địa điểm giao hàng</span></p><p><br></p><p><em style=\"color: rgb(67, 67, 67);\">* Sản phẩm có xuất hóa đơn VAT</em></p><p><br></p><p><em style=\"color: rgb(67, 67, 67);\">* Sản phẩm áp dụng đổi trả nếu bị lỗi sản xuất, áp dụng bảo hành theo phiếu bảo hành kèm theo sản phẩm</em></p>', 5, 11500000.00, 1),
(31, 'Ghế Văn Phòng Chân Quỳ MOHO CALLOSO 701', 'http://localhost:4000/uploads/file_1732193143496.jpg', '<p class=\"ql-align-center\">Ghế Văn Phòng Chân Quỳ&nbsp;MOHO CALLOSO 701</p><h2 class=\"ql-align-center\">1. THÔNG SỐ KỸ THUẬT</h2><p class=\"ql-align-center\"><img src=\"https://file.hstatic.net/200000065946/file/kich-thuoc-ghe-chan-quy-calloso_c792d1de532e4efbbe757a5557b32f31.jpg\" alt=\"Kích thước ghế văn phòng chân quỳ calloso\"></p><p>&nbsp;</p><h2 class=\"ql-align-center\">2. CHI TIẾT VẬT LIỆU</h2><h3>Nhựa cao cấp</h3><p>Phần khung lưng và tựa tay được làm bằng chất liệu nhựa cao cấp kết hợp cùng kết cấu bo cong từng đường nét vừa tạo sự mềm mại trong thiết kế nhưng lại vô cùng chắc chắn và độ bền cao.</p><h3>Vải lưới mềm mại thoáng khí</h3><p>Với chất liệu vải nhập cao cấp, thoáng khí giúp bạn luôn thoải mái dù sử dụng&nbsp;trong nhiều giờ.</p><h3>Thép sơn tĩnh điện</h3><p>Chân ghế được làm bằng thép sơn tĩnh điện giúp bền màu, độ chịu lực tốt và chắc chắn hơn.&nbsp;</p><p class=\"ql-align-center\"><img src=\"https://file.hstatic.net/200000065946/file/dac-diem-noi-bat-ghe-calloso_6ac52e6d5ca849d887d5940df65e5958.jpg\" alt=\"Đặc điểm nổi bật ghế văn phòng calloso\"></p><h2 class=\"ql-align-center\">&nbsp;</h2><h2 class=\"ql-align-center\">3. ĐẶC ĐIỂM NỔI BẬT</h2><h3>Thiết kế lưng trung, chiều cao phổ biến</h3><p>Với chiều cao cơ bản hiện nay 91cm&nbsp;so với mặt đất, phần lưng trung cao 52cm phổ biến và rất phù hợp với người Việt Nam.</p><p class=\"ql-align-center\"><img src=\"https://file.hstatic.net/200000065946/file/noi-that-moho-ghe-van-phong-chan-quy-9_cf26bded5cca439d950bfa2ff227fcc5.jpg\" alt=\"Ghế văn phòng chân quỳ calloso\"></p><p>&nbsp;</p><h3>Đệm ngồi thoáng mát – thiết kế vừa phải</h3><p>Nệm ghế dày 7cm sử dụng&nbsp;vải 3 lớp mềm mại dễ dàng vệ sinh, hạn chế bị dơ và đặc biệt mang lại cảm giác êm ái thoải mái khi bạn ngồi.</p><h3>Tựa tay bo cong thoải mái</h3><p>Với thiết kế tay ghế đơn giản và đường cong mềm mại, tự nhiên, phù hợp mang đến cho bạn trải nghiệm thoải mái và thích thú khi sử dụng.</p><p class=\"ql-align-center\"><img src=\"https://file.hstatic.net/200000065946/file/noi-that-moho-ghe-van-phong-chan-quy-3_06d092abfe4243cfbbf5dba6b6e2f847.jpg\" alt=\"Ghế văn phòng chân quỳ CALLOSO\"></p><p>&nbsp;</p><h3>Tựa lưng chắc chắn, bo cong mềm mại</h3><p>Với thiết kế tiện dụng, đường nét bo cong tinh tế kết hợp cùng chất liệu nhựa cao cấp chắc chắn tạo điểm tựa vững chắc cho phần lưng và ngồi lâu trong nhiều giờ không bị mỏi nhức.</p><h3>Mặt lưới đàn hồi thoáng khí</h3><p>Sử dụng&nbsp;chất liệu vải nhập khẩu được&nbsp;lựa chọn kỹ càng cho từng bộ phận để phù hợp nhất&nbsp;với&nbsp;thói quen sử dụng. Đặc biệt, mặt lưng ghế được làm bằng vải độ thoáng cao giúp bạn luôn cảm thấy thoải mái&nbsp;dù ngồi trong nhiều giờ.</p><p>Phần nệm ghế sử dụng loại vải 3 lớp, mật độ dày cao giúp hạn chế được khả năng bám bụi bẩn và rất dễ dàng vệ sinh.</p><p class=\"ql-align-center\"><img src=\"https://file.hstatic.net/200000065946/file/noi-that-moho-ghe-van-phong-chan-quy-8_cdd519fd90da41ebae38c554c8721a32.jpg\" alt=\"Đặc điểm nổi bật ghế văn phòng chân quỳ calloso\"></p><p>&nbsp;</p><h3>Nút nhựa cân bằng chống trơn trượt</h3><p>Với nút nhựa gắn dưới chân ghế giúp cố định ghế, chống trơn trượt đồng thời giảm tiếng tồn và có thể phù hợp với mọi loại sàn</p><p class=\"ql-align-center\"><img src=\"https://file.hstatic.net/200000065946/file/noi-that-moho-ghe-van-phong-chan-quy-5_5f197e48a33b44f5bd32ceff533448be.jpg\" alt=\"Ghế văn phòng chân quỳ CALLOSO\"></p><p>&nbsp;</p><h2 class=\"ql-align-center\">4. KHÔNG GIAN SỐNG</h2><p class=\"ql-align-center\"><img src=\"https://file.hstatic.net/200000065946/file/noi-that-moho-ghe-van-phong-chan-quy-7_19488cf922e14d2680bb27fb162edbae.jpg\" alt=\"Ghế văn phòng chân quỳ CALLOSO\"></p>', 875700.00, 5, 1, 3, '<p><strong>Kích thước</strong>: Dài 50cm x Rộng 47,5cm x Cao 91cm</p><p><strong>Chất liệu</strong>:</p><p>- Khung ghế: nhựa cao cấp&nbsp;</p><p>- Tựa lưng và nệm ghế: vải lưới mềm mại thoáng khí&nbsp;</p><p>- Chân ghế: thép sơn tĩnh điện</p>', 5, 973000.00, 1);
INSERT INTO `san_pham` (`id`, `tenSP`, `hinh_anh`, `mo_ta`, `gia`, `soluong`, `id_loaiSP`, `loai_phong_id`, `mo_ta_nho`, `so_luong_ton_kho_min`, `gia_goc`, `is_discounted`) VALUES
(32, 'Ghế Xoay Văn Phòng Ngả Lưng MOHO JEFE 701', 'http://localhost:4000/uploads/file_1732193237604.webp', '<p class=\"ql-align-center\">Ghế Xoay Văn Phòng Ngả Lưng MOHO JEFE</p><h2 class=\"ql-align-center\"><strong>1. THÔNG SỐ KỸ THUẬT</strong></h2><p class=\"ql-align-center\"><strong><img src=\"https://file.hstatic.net/200000065946/file/noi-that-moho-kich-thuoc-ghe-van-phong-jefe_ab56a9a6493e48a7a62411f633f5a1dd.jpg\" alt=\"Ghế văn phòng JEFE\"></strong></p><p>&nbsp;</p><p class=\"ql-align-center\"><strong>2. CHI TIẾT VẬT LIỆU</strong></p><h3><strong>Nhựa cao cấp</strong></h3><p>Khung ghế, tựa tay và bánh xe được làm bằng nhựa cao cấp có độ bền sử dụng cao</p><h3><strong>Vải lưới mềm mại thoáng khí</strong></h3><p>Với chất liệu vải nhập cao cấp, thoáng khí giúp bạn luôn thoải mái dù sử dụng&nbsp;trong nhiều giờ</p><h3><strong>Chân ghế làm bằng hợp kim nhôm chắc chắn</strong></h3><p>Với chất liệu hợp kim nhôm kết hợp cùng kết cấu sao 5 cánh giúp cho chân ghế vững chắc, xoay và di chuyển cách dễ dàng không gây tiếng ồn.</p><p class=\"ql-align-center\"><strong><img src=\"https://file.hstatic.net/200000065946/file/noi-that-moho-chi-tiet-vat-lieu-ghe-van-phong-jefe_8f3fa63a59724b8dbdf7ffa68722b848.jpg\" alt=\"Vật liệu ghế văn phòng JEFE\"></strong></p><p>&nbsp;</p><p class=\"ql-align-center\"><strong>3. ĐẶC ĐIỂM NỔI BẬT</strong></p><h3><em>* Ghế văn phòng&nbsp;có yếu tố công thái học (Ergonomic) - điều chỉnh phần tựa cổ, tay tựa, chiều cao ghế&nbsp;phù hợp mọi dáng người ngồi</em></h3><h3><strong>Tựa đầu 3 chiều cỡ lớn</strong></h3><p>Tựa đầu 3 chiều giúp cho phần cổ và gáy của bạn được hỗ trợ linh hoạt ở bất kỳ tư thế nào khi sử dụng. Vải lưới cao cấp kế hợp cùng thiết kế bo cong không những mang lại sự chắc chắn, độ bền cao mà còn có thể điều chỉnh 3 chiều mang lại cảm giá thoải mái, phù hợp với thể trạng&nbsp;của rất nhiều người.</p><p>Hơn nữa, với sự linh hoạt của đầu ghế còn giúp bạn dễ dàng điều chỉnh độ cao trong khoảng&nbsp;<strong>16 - 22cm</strong>&nbsp;và góc phù hợp với mọi loại bàn.</p><p class=\"ql-align-center\"><strong><img src=\"https://file.hstatic.net/200000065946/file/noi-that-moho-ghe-van-phong-jefe-1_b5dc82f7ed644a9d8279111d11e3e5cf.jpg\" alt=\"Ghế văn phòng JEFE\"></strong></p><p>&nbsp;</p><h3><strong>Tựa tay điều chỉnh lên xuống linh hoạt</strong></h3><p>Tựa tay điều chỉnh lên xuống từ độ cao&nbsp;<strong>50 - 80cm</strong>&nbsp;so với mặt đất dễ dàng với nút nhấn linh hoạt, phù hợp với thể trạng của mọi người và tạo cảm giác thoải mái, sang trọng và đẳng cấp.</p><p>Thay đổi linh hoạt độ cao để tay thường xuyên có thể giúp bạn tránh mệt và nhức mỏi ở khớp vai hay tay cách hiệu quả</p><p class=\"ql-align-center\"><strong><img src=\"https://file.hstatic.net/200000065946/file/noi-that-moho-ghe-van-phong-jefe-7_16205e582b14471297b7ed70f85f8251.jpg\" alt=\"Tựa tay ghế văn phòng JEFE\"></strong></p><p>&nbsp;</p><h3><strong>Phần hỗ trợ lưng với đường bo cong hoàn hảo</strong></h3><p>Khung nhựa cao cấp vững chắc giúp làm nhẹ trọng lượng của ghế và đặc biệt là tăng độ bền. Với các tính năng điều chỉnh linh hoạt cho ghế nên dễ dàng nâng đỡ và hỗ trợ tối ưu cho toàn bộ vùng lưng.</p><p class=\"ql-align-center\"><strong><img src=\"https://file.hstatic.net/200000065946/file/noi-that-moho-ghe-van-phong-jefe-3_bb592ef0e234414ab3e365f672242830.jpg\" alt=\"Ghế văn phòng JEFE\"></strong></p><p>&nbsp;</p><h3><strong>Chiều cao ghế điều chỉnh linh hoạt và phù hợp nhiều không gian</strong></h3><p>Với pit tông cao cấp giúp dễ dàng thay đổi độ cao của ghế&nbsp;từ&nbsp;<strong>108&nbsp;- 126&nbsp;cm</strong>, độ cao này phổ hiến và phù hợp với mọi loại bàn, thể trạng của nhiều người. Hơn nữa, tựa lưng ghế cũng dễ dàng điều&nbsp;chỉnh và ngả lưng linh hoạt ở nhiều góc độ</p><p class=\"ql-align-center\"><strong><img src=\"https://file.hstatic.net/200000065946/file/noi-that-moho-ghe-van-phong-jefe-4_16c6347a4fe245e882a6ca1a2f5225c7.jpg\" alt=\"Ghế văn phòng JEFE\"></strong></p><p>&nbsp;</p><h3><strong>Xoay 360 độ và di chuyển ít tiếng ồn</strong></h3><p>Chân ghế được làm bằng hợp kim nhôm kết hợp với bánh xe nhựa cao cấp, độ bền cao đảm bảo giúp ghế quay 360 độ và di chuyển êm ái theo mọi hướng với hầu hết các loại mặt sàn khác nhau</p><p class=\"ql-align-center\"><strong><img src=\"https://file.hstatic.net/200000065946/file/pro_xam_noi_that_moho_ghe_van_phong_jefe_6_f197e2baf062447d8cea0ff6fe1bbfda.jpg\" alt=\"Ghế văn phòng JEFE\"></strong></p><p>&nbsp;</p><h3><strong>Mặt lưới đàn hồi thoáng khí</strong></h3><p>Với chất liệu vải nhập khẩu đươc lựa chọn kỹ càng, phù hợp cho từng bộ phận và thói quen sử dụng. Đặc biệt, mặt lưng ghế làm bằng vải độ thoáng cao giúp bạn luôn cảm thấy thoáng mát dù ngồi trong nhiều giờ.</p><p>Phần nệm ghế được làm với loại vải 3 lớp, mật độ dày cao giúp hạn chế được khả năng bám bụi, dễ dàng vệ sinh</p><p class=\"ql-align-center\"><strong><img src=\"https://file.hstatic.net/200000065946/file/noi-that-moho-ghe-van-phong-jefe-6_72e65c2163524f2e9ff98d6a52a55efc.jpg\" alt=\"Ghế văn phòng JEFE\"></strong></p><p>&nbsp;</p><h3><strong>2 màu sắc dễ dàng chọn</strong></h3><p>Với 2 màu sắc đen cổ điển&nbsp;và ghi hiện đại phù hợp với rất nhiều không gian và sở thích riêng của mọi người</p><p class=\"ql-align-center\"><strong><img src=\"https://file.hstatic.net/200000065946/file/noi-that-moho-ghe-co-2-mau_473d7c9b5b874621badab501658d04b9.jpg\" alt=\"Ghế văn phòng JEFE\"></strong></p><p>&nbsp;</p><p class=\"ql-align-center\"><strong>4. KHÔNG GIAN SỐNG</strong></p><p class=\"ql-align-center\"><strong><img src=\"https://file.hstatic.net/200000065946/file/noi-that-moho-ghe-van-phong-jefe-7_94b3fd7c13ac4448ab07ad61e05319cf.jpg\" alt=\"Ghế văn phòng JEFE\"></strong></p><p class=\"ql-align-center\"><strong>&nbsp;</strong></p><p><br></p>', 2691000.00, 8, 1, 3, '<p><strong>Kích thước</strong>: Dài 47cm x Rộng 65cm x Cao 108-126cm</p><p><strong>Chất liệu</strong>:</p><p>- Khung ghế: nhựa cao cấp</p><p>- Tựa lưng và nệm ghế: vải lưới mềm mại thoáng khí</p><p>- Chân xoay: inox</p><p><em>Ghế có yếu tố công thái học - Ergonomic</em></p><p><strong><em>*Sản phẩm của chương trình Outlet không áp dụng bảo hành và bảo trì.</em></strong></p>', 5, 2990000.00, 1),
(33, 'Bàn Ăn Gỗ Cao Su Tự Nhiên MOHO VLINE 601 1m6', 'http://localhost:4000/uploads/file_1732193411239.jpg', '<p class=\"ql-align-center\"><a href=\"https://moho.com.vn/collections/ban-an\" rel=\"noopener noreferrer\" target=\"_blank\" style=\"color: rgb(67, 67, 67);\">BÀN ĂN</a>&nbsp;GỖ&nbsp;CAO SU TỰ NHIÊN MOHO&nbsp;VLINE 601</p><h2 class=\"ql-align-center\"><strong>1. THÔNG SỐ KỸ THUẬT</strong></h2><p class=\"ql-align-center\"><img src=\"https://file.hstatic.net/200000065946/file/noi-that-moho-vline-ban-an-nat_2_e05a72d6d88646fabb459dbccabb9669.jpg\" alt=\"noi-that-moho-vline-ban-an-nat_2\"></p><p class=\"ql-align-center\">&nbsp;</p><h2 class=\"ql-align-center\"><strong>2. CHI TIẾT VẬT LIỆU</strong></h2><p><strong>Gỗ cao su tự nhiên</strong></p><p class=\"ql-align-justify\">Chất liệu&nbsp;<a href=\"https://moho.com.vn/blogs/noi-that-ung-dung/tim-hieu-ve-cac-loai-go-tu-nhien-thong-dung\" rel=\"noopener noreferrer\" target=\"_blank\" style=\"color: rgb(67, 67, 67);\"><strong><u>gỗ cao su</u></strong></a>&nbsp;tự nhiên đảm bảo độ chắc chắn cao, chống công vênh, mối mọt. Màu gỗ bắt mắt và tom gỗ đẹp tự nhiên.</p><p><img src=\"https://file.hstatic.net/200000065946/file/noi-that-moho-van-go-tu-nhien_3883f71c3edf44d19cad4f577a48e512.jpg\" alt=\"Mắt gỗ và vân gỗ tự nhiên\"></p><p><em>* Một số sản phẩm sử dụng gỗ tự nhiên có thể xuất hiện mắt gỗ ngẫu nhiên và vân gỗ trên bề mặt mỗi sản phẩm sẽ khác nhau – điều này là hoàn toàn tự nhiên, tạo nên sự độc đáo riêng cho từng sản phẩm. Vì vậy MOHO sẽ không áp dụng các chính sách đổi trả, bảo hành và bảo trì cho các trường hợp này.</em></p><p>&nbsp;</p><h2 class=\"ql-align-center\"><strong>3.&nbsp;ĐẶC ĐIỂM NỔI BẬT</strong></h2><p class=\"ql-align-justify\">Các thiết kế&nbsp;trong&nbsp;<a href=\"https://moho.com.vn/collections/vline-collection\" rel=\"noopener noreferrer\" target=\"_blank\" style=\"color: rgb(67, 67, 67);\"><strong><u>bộ sưu tập nội thất</u></strong></a><strong>&nbsp;VLINE</strong>&nbsp;mang trong mình nét đẹp đặc trưng của hồn Việt cùng vẻ đẹp năng động của thời đại. V” là viết tắt của từ “Việt” trong “Việt Nam”.&nbsp;“LINE” là các đường nét mang xu hướng hiện đại, phóng khoáng của ngày nay.</p><h3 class=\"ql-align-justify\"><strong>Bàn ăn có 2 kích thước 90cm và 160cm</strong></h3><p class=\"ql-align-justify\">Sự đa dạng trong kích thước bàn ăn mang lại nhiều lựa chọn cho khách hàng, phù hợp nhiều phong cách&nbsp;<a href=\"https://moho.com.vn/collections/phong-an\" rel=\"noopener noreferrer\" target=\"_blank\" style=\"color: rgb(41, 128, 185);\"><strong>nội thất phòng ăn</strong></a>&nbsp;và diện tích không gian gia đình bạn.&nbsp;</p><p class=\"ql-align-center\"><img src=\"https://file.hstatic.net/200000065946/file/noi-that-moho-vline-ban-an-nat_5_e5ee97a939e94553a117ffa1790c0da0.jpg\" alt=\"noi-that-moho-vline-ban-an-nat_4\"></p><p>&nbsp;</p><h3><strong>Mặt bàn sơn phủ NC và veneer sồi</strong></h3><p class=\"ql-align-justify\">Chất gỗ cao giúp cho bề mặt bàn ăn&nbsp;trở nên vô cùng mịn màng và nhẵn bóng, màu sắc tươi sáng đẹp như tự nhiên.</p><h3 class=\"ql-align-justify\"><strong>Cạnh bàn được thiết kế bo tròn</strong></h3><p class=\"ql-align-justify\">Thiết kế tối ưu sự an toàn của người dùng, hạn chế tổn thương nếu xảy ra va đập, nhất là đối với những gia đình có trẻ nhỏ hiếu động.&nbsp;</p><p class=\"ql-align-center\"><img src=\"https://file.hstatic.net/200000065946/file/noi-that-moho-vline-ban-an-nat_6_1441ec8e0fb34bb0b5709fcc74f6e419.jpg\" alt=\"noi-that-moho-vline-ban-an-nat_5\"></p><p class=\"ql-align-justify\">&nbsp;</p><h3><strong>Chân bàn độc đáo</strong></h3><p class=\"ql-align-justify\">Thiết kế chân chữ X độc đáo của bàn ăn cơm VLINE tạo nên sự liên kết cứng cáp, tăng khả năng chịu lực, đảm bảo sự chắc chắn cho bàn ăn. Tránh tình trạng rung lắc mỗi khi sử dụng.</p><p class=\"ql-align-center\"><img src=\"https://file.hstatic.net/200000065946/file/noi-that-moho-vline-ban-an-nat_7_3700b727e1884d5190b0b300ca60096c.jpg\" alt=\"noi-that-moho-vline-ban-an-nat_7\"></p><p>&nbsp;</p><h3 class=\"ql-align-justify\"><strong>Chiều cao bàn thể hiện&nbsp;được thói quen sử dụng của người Việt</strong></h3><p class=\"ql-align-justify\">Chiều cao bàn VLINE là 65cm so với bàn ăn bình thường (75cm).</p><p class=\"ql-align-justify\">Kích thước bàn&nbsp;ăn này rất dễ dàng bắt gặp tại cái ngôi nhà hay quán xá tại Việt Nam vì nó mang đến sự gần gũi và thuận tiện khi dùng bữa và làm việc.</p><p class=\"ql-align-center\"><img src=\"https://file.hstatic.net/200000065946/file/noi-that-moho-vline-ban-an-nat_8_bba968ec7302484fa5ad387311e87ca1.jpg\" alt=\"noi-that-moho-vline-ban-an-nat_8\"></p><p class=\"ql-align-justify\">&nbsp;</p><h3><strong>Mặt bàn chống thấm</strong></h3><p>Giúp cho việc lau chùi trở nên đơn giản và dễ dàng hơn.</p><p class=\"ql-align-center\"><img src=\"https://file.hstatic.net/200000065946/file/vline_mat_ban_chong_nuoc_1c903e32ec3947baa4c3283d7eca4e66.gif\"></p><h3>&nbsp;</h3><h3 class=\"ql-align-justify\"><strong>Kết cấu chắc chắn</strong></h3><p class=\"ql-align-justify\">Chân bàn&nbsp;từ gỗ cao su tự nhiên, đảm bảo kết cấu chắc chắn và khả năng chịu lực tốt,&nbsp;cùng logo MOHO độc quyền tránh hàng giả.&nbsp;</p><p class=\"ql-align-center\"><img src=\"https://file.hstatic.net/200000065946/file/noi-that-moho-vline-ban-an-nat_9_a152be40085948b09cb8d9db3d0e9b26.jpg\" alt=\"noi-that-moho-vline-ban-an-nat_9\"></p><p class=\"ql-align-justify\">&nbsp;</p><p class=\"ql-align-justify\"><strong>Đa dạng sự chọn lựa</strong></p><p class=\"ql-align-justify\">Bàn có 02 màu sắc và 02 kích thước&nbsp;</p><p class=\"ql-align-justify\">Bàn Ăn MOHO VLINE 601 màu gỗ tự nhiên (90cm và 160cm)</p><p class=\"ql-align-justify\">Bàn Ăn MOHO VLINE 601 màu nâu&nbsp;(90cm và 160cm).</p><p class=\"ql-align-center\"><img src=\"https://file.hstatic.net/200000065946/file/noi-that-moho-vline-ban-an-nat_10_a552a1ec34a94dc588ec985a80e2bbf1.jpg\" alt=\"noi-that-moho-vline-ban-an-nat_10\"></p><p class=\"ql-align-justify\">&nbsp;</p><h3><strong>Bàn ăn kết hợp với ghế ăn VLINE tạo nên bộ đôi hoàn hảo</strong></h3><p>Bộ bàn ăn VLINE tạo nên cảm giác&nbsp;ấm cúng cho không gian nội thất phòng ăn, khơi nguồn cho tình yêu thương.</p><h3><strong>Bàn ăn VLINE có nhiều cách kết hợp với ghế</strong></h3><p>Có thể kết hợp bàn ăn với ghế ăn đơn, ghế băng dài hoặc ghế băng tựa VLINE.</p><p><a href=\"https://moho.com.vn/collections/ghe-an\" rel=\"noopener noreferrer\" target=\"_blank\" style=\"color: rgb(67, 67, 67);\"><strong>Xem thêm ghế ăn&nbsp;→</strong></a></p><p class=\"ql-align-center\"><img src=\"https://file.hstatic.net/200000065946/file/vline_gif_416ae2452f754d36857bc33dc792e584.gif\"></p><h3>&nbsp;</h3><p><br></p>', 4131000.00, 5, 2, 4, '<p><strong>Kích thước:&nbsp;</strong>Dài 160cm x Rộng 75cm x Cao 65cm</p><p><strong>Chất liệu:&nbsp;</strong>Gỗ cao su tự nhiên</p><p><em>Chống thấm, cong vênh, trầy xước, mối mọt</em></p>', 5, 4590000.00, 1),
(34, 'Bàn Ăn Gỗ Tràm Tự Nhiên MOHO NYBORG 301', 'http://localhost:4000/uploads/file_1732193528079.webp', '<h1 class=\"ql-align-center\"><strong>Bàn Ăn Gỗ Tràm Tự Nhiên MOHO NYBORG 301</strong></h1><h2 class=\"ql-align-center\"><strong>1. THÔNG SỐ KỸ THUẬT</strong></h2><p>Với kích thước tiêu chuẩn cùng thiết kế độc đáo, bàn NYBORG có thể sử dùng làm bàn ăn, bàn làm việc, bàn giám đốc,... tùy biến linh hoạt đáp ứng mọi nhu cầu sử dụng.</p><p class=\"ql-align-center\"><img src=\"https://file.hstatic.net/200000065946/file/noi-that-moho-kich-thuoc-ban-an-go-nyborg_26986f723c0d46b4b218bc1d0c00c5d3.jpg\" alt=\"Kích thước bàn ăn gỗ NYBORG\"></p><h2 class=\"ql-align-center\"><strong>2. CHI TIẾT VẬT LIỆU</strong></h2><h3><strong>Gỗ tràm tự nhiên</strong></h3><p>Sử dụng chất liệu gỗ tràm cho phần chân bàn giúp sản phẩm có khả năng chịu lực tốt và độ bền cao, chống mối mọt tốt cùng với màu sắc trầm tạo nét&nbsp;đẹp&nbsp;hài hòa và sang trọng.</p><h3><a href=\"https://moho.com.vn/blogs/noi-that-ung-dung/go-cong-nghiep-la-gi-vat-lieu-nay-co-an-toan\" rel=\"noopener noreferrer\" target=\"_blank\" style=\"color: rgb(41, 128, 185);\"><strong>Gỗ công nghiệp</strong></a><strong>, Veneer tràm</strong></h3><p>Bề mặt sản phẩm sử dụng gỗ công nghiệp MDF phủ Veneer gỗ tràm tự nhiên cho bề mặt vân gỗ tinh tế, bền màu, nhẵn và sáng bóng. Đồng thời, giúp sản phẩm không bị co ngót, nứt khi thời tiết thay đổi.</p><p>Chất liệu gỗ công nghiệp MDF đạt chuẩn CARB-P2 và chứng nhận FSC thân thiện với môi trường.</p><p><img src=\"https://file.hstatic.net/200000065946/file/noi-that-moho-vline-ban-sofa-nat-2_43def24951274bf0a620732751d44675.jpg\" alt=\"noi-that-moho-vline-ban-sofa-nat-2\"></p><h2 class=\"ql-align-center\">&nbsp;</h2><h2 class=\"ql-align-center\"><strong>3. ĐẶC ĐIỂM NỔI BẬT</strong></h2><p><a href=\"https://navicup.com/object/denmark-grand-tour/nyborg-258873/vn\" rel=\"noopener noreferrer\" target=\"_blank\" style=\"color: rgb(41, 128, 185);\">Nyborg</a>&nbsp;là một thành phố nhỏ ven biển của Đan Mạch, nằm phía đông của đảo Fyn. Nyborg được hình thành từ những năm 1900 với tên gọi lấy từ một lâu đài và một nhà thờ nằm ở trung tâm thành phố từ thời trung cổ. Tuy nhiên, bộ sưu tập Nyborg không lấy cảm hứng từ những đường nét của thời trung cổ, thay vào đó cảm hứng được lấy từ bến cảng cổ của thành phố này khi đón nhận những hình dáng mạnh mẽ của những con tàu cổ điển và màu sắc mang hơi hướng vintage từ những boong tàu gỗ chở rượu rum cùng với màu đen nhẵn từ ghế ngồi của thuyền trưởng.</p><h3><strong>Thiết kế mạnh mẽ và tối giản</strong></h3><p>Với thiết kế khác biệt so với các bộ sưu tập hiện tại của MOHO, bàn ăn NYBORG mang trong mình một thiết kế mạnh mẽ, đơn giản nhưng cùng với màu sắc vintage, đen bóng hòa với màu của gỗ tràm tạo nên một thiết kế rất đẹp mắt và sang trọng, không tạo ra cảm giác tù túng khi sử dụng.</p><p class=\"ql-align-center\"><img src=\"https://file.hstatic.net/200000065946/file/noi-that-moho-ban-an-nyborg-2_4f0f1635d476472686533472a0dabe5e.jpg\" alt=\"bàn ăn gỗ NYBORG thiết kế đẹp\"></p><h3>&nbsp;</h3><h3><strong>Mặt bàn sử dụng Veneer gỗ tràm</strong></h3><p>Mặt bàn ăn NYBORG sử dụng Veneer gỗ tràm giúp đồng bộ màu sắc với phần chân bàn. Kết hợp với đó là được&nbsp;phủ một lớp sơn PU, giúp giữ được màu sắc tươi đẹp của sản phẩm, chống trầy xước tốt, tạo độ bóng đồng thời chống ố trong điều kiện thời tiết khắc nghiệt dù bạn đặt bàn tại bất kì nơi nào, từ những nơi ẩm thấp đến những&nbsp;cạnh cửa sổ đón những ánh nắng gay gắt của thời tiết.</p><h3><strong>Màu sắc vintage</strong></h3><p>Khác với các bộ màu thông dụng trong sản phẩm của MOHO, bàn ăn NYBORG sử dụng một màu mang hơi hướng cổ điển nhưng không kém phần hiện đại. Khi sử dụng nước sơn đen hòa với màu gỗ tràm, tạo nên một màu sắc hài hòa cho tổng thể bàn ăn.</p><p class=\"ql-align-center\"><img src=\"https://file.hstatic.net/200000065946/file/noi-that-moho-ban-an-nyborg-3_d3206eba86ce4be0a96f5ef95fd87e5c.jpg\" alt=\"bàn ăn gỗ NYBORG mặt bàn mịn\"></p><p>&nbsp;</p><h3><strong>Gia công tinh xảo</strong></h3><p>Bên cạnh thiết kế vô cùng mạnh mẽ, bàn ăn Nyborg cũng được trau chuốt trong giai đoạn gia công với những đường vát cạnh 45 độ tinh xảo xuyên suốt cạnh chân bàn và mặt bàn ăn. Tạo được một nét hài hòa độc đáo, cân bằng được sự mạnh mẽ vốn có của bàn ăn Nyborg.</p><p>Ngoài ra, bàn ăn được ghép từ 3 tấm gỗ khác nhau bao gồm 2 tấm gỗ tràm chân bàn và 1 tấm gỗ công nghiệp MDF cho phần mặt bàn. Nhưng trong quá trình gia công, MOHO đã loại bỏ hoàn toàn đi những đường nối giữ chân bàn và mặt bàn để&nbsp;tạo ra được một thiết kế vô cùng tinh tế.</p><h3><strong>Bàn ăn có kích thước rộng rãi</strong></h3><p>Sở hữu kích thước&nbsp;1400 x 800mm&nbsp;cực kỳ thoải mái ngồi 4 ghế với diện tích sử dụng vẫn được tối ưu. Ngoài ra với thiết kế sử dụng cả tấm cho chân bàn thay vì 1 thanh, tạo cảm giác ấm cúng hơn khi ngồi.</p><p class=\"ql-align-center\"><img src=\"https://file.hstatic.net/200000065946/file/noi-that-moho-ban-an-nyborg-4_0401407a18b143cb9046a92537f8b35c.jpg\" alt=\"bàn ăn gỗ NYBORG gia công tinh xảo\"></p><p>&nbsp;</p><h3><strong>Bàn có khả năng&nbsp;chịu lực tốt</strong></h3><p>Cùng với thiết kế chân vững chắc và thanh giằng bàn được làm hoàn toàn từ gỗ tràm. Bàn ăn Nyborg bền bỉ khi sử dụng lâu dài.</p><h3><strong>Thanh giằng tinh tế</strong></h3><p>Bàn ăn NYBORG được thiết kế chỉ với 1 thanh giằng lớn được sơn với màu sắc tương phản với bàn ăn tạo nên một tổng quan về màu sắc và hình thể của bàn ăn Nyborg đẹp mắt và hài hòa hơn.</p><p>Ngoài ra, thanh giằng được thiết kế đặt tại một vị trí và một độ rộng phù hợp, giúp bạn thoải mái khi sử dụng bữa ăn mà không lo va chạm với phần thanh giằng dù cho ngồi ở bất kỳ tư thế nào.</p><p class=\"ql-align-center\"><img src=\"https://file.hstatic.net/200000065946/file/dsc01437_7483e102046246bca8f8d4dd9ca13d7d.jpg\" alt=\"bàn ăn gỗ NYBORG kích thước rộng rãi\"></p><p>&nbsp;</p><h2 class=\"ql-align-center\"><strong>4. KHÔNG GIAN SỐNG</strong></h2><p>Bàn ăn gỗ tràm MOHO NYBORG&nbsp;301 với thiết kế “lạ”, mạnh mẽ nhưng vẫn giữ được nét đẹp và sự tối giản. Hài hòa được với không gian nhà bạn cùng với lựa chọn ghế ăn độc đáo duy nhất cho bàn ăn – ghế ăn Nyborg.</p><p>Với màu sắc tối, cổ điển không kém phần hiện đại. Hiện bàn ăn Nyborg có thể đi với&nbsp;<a href=\"https://moho.com.vn/collections/kolding-collection\" rel=\"noopener noreferrer\" target=\"_blank\" style=\"color: rgb(41, 128, 185);\"><strong>bộ sưu tập KOLDING&nbsp;</strong></a>của MOHO. Ngoài ra, bàn ăn NYBORG hài hòa được với những không gian phòng ăn mang màu sắc tối hoặc trắng sáng. Với những không gian mang tông màu&nbsp;sáng, khi bàn ăn Nyborg được đặt vào sẽ tạo nên một điểm nhấn nổi bật cho phòng ăn của bạn.</p><p class=\"ql-align-center\"><img src=\"https://file.hstatic.net/200000065946/file/noi-that-moho-ban-an-nyborg-1_ff214b5631174c53ba9c9dddf868d1e2.jpg\" alt=\"bàn ăn gỗ NYBORG cho không gian đẹp\"></p>', 1849113.00, 6, 2, 4, '<p><strong>Kích thước:&nbsp;</strong>Dài 140cm x Rộng 80cm x Cao 75cm</p><p><strong>Chất liệu:&nbsp;</strong></p><p>- Mặt bàn: Gỗ công nghiệp MDF chuẩn CARB-P2 (*), Veneer gỗ tràm tự nhiên</p><p>- Chân bàn: MDF dán Veneer gỗ tràm tự nhiên</p><p><em>(*) Tiêu chuẩn California Air Resources Board xuất khẩu Mỹ, đảm bảo gỗ không độc hại, an toàn cho sức khỏe</em></p><p><em>Chống thấm, cong vênh, trầy xước, mối mọt</em></p><p><strong><em>*Sản phẩm của chương trình Outlet không áp dụng bảo hành và bảo trì.</em></strong></p>', 5, 2054570.00, 1),
(35, 'Bàn Sofa – Bàn Cafe – Bàn Trà Gỗ MOHO OSLO 901', 'http://localhost:4000/uploads/file_1732193631543.webp', '<p class=\"ql-align-center\"><a href=\"https://moho.com.vn/collections/ban-sofa-ban-cafe-ban-tra\" rel=\"noopener noreferrer\" target=\"_blank\" style=\"color: rgb(67, 67, 67);\">BÀN SOFA</a>&nbsp;-&nbsp;<a href=\"https://moho.com.vn/collections/ban-sofa-ban-cafe-ban-tra\" rel=\"noopener noreferrer\" target=\"_blank\" style=\"color: rgb(67, 67, 67);\">BÀN CAFE</a>&nbsp;-&nbsp;<a href=\"https://moho.com.vn/collections/ban-sofa-ban-cafe-ban-tra\" rel=\"noopener noreferrer\" target=\"_blank\" style=\"color: rgb(67, 67, 67);\">BÀN TRÀ</a>&nbsp;MOHO OSLO 901</p><h2 class=\"ql-align-center\"><strong>1. THÔNG SỐ KĨ THUẬT</strong></h2><p class=\"ql-align-center\"><img src=\"https://file.hstatic.net/200000065946/file/noi-that-moho-oslo-ban-sofa-vuon-1_0063e7745bd244879609df93e21ee40e.jpg\" alt=\"noi-that-moho-oslo-ban-sofa-vuon-1\"></p><p class=\"ql-align-center\">&nbsp;</p><h2 class=\"ql-align-center\"><strong>2. CHI TIẾT VẬT LIỆU</strong></h2><p><strong>Gỗ cao su tự nhiên</strong></p><p class=\"ql-align-justify\">Bàn trà chữ nhật OSLO làm từ&nbsp;<a href=\"https://moho.com.vn/blogs/noi-that-ung-dung/tim-hieu-ve-cac-loai-go-tu-nhien-thong-dung\" rel=\"noopener noreferrer\" target=\"_blank\" style=\"color: rgb(67, 67, 67);\"><strong><u>gỗ cao su</u></strong></a>&nbsp;giúp sản phẩm có khả năng chịu lực tốt và độ bền cao.</p><p class=\"ql-align-center\"><img src=\"https://file.hstatic.net/200000065946/file/noi-that-moho-oslo-ban-sofa-vuon-2_94edcc226f9341e8a736f059cf56dcf6.jpg\" alt=\"noi-that-moho-oslo-ban-sofa-vuon-2\"></p><p class=\"ql-align-justify\">&nbsp;</p><p class=\"ql-align-justify\"><strong>Gỗ công nghiệp, Veneer gỗ sồi</strong></p><p class=\"ql-align-justify\">Sử dụng chất liệu gỗ công nghiệp&nbsp;PB đạt&nbsp;<a href=\"https://moho.myharavan.com/blogs/news/noi-that-moho-dat-chuan-carb-p2-an-toan-cho-suc-khoe\" rel=\"noopener noreferrer\" target=\"_blank\" style=\"color: rgb(67, 67, 67);\"><strong><u>chuẩn&nbsp;CARB-P2</u></strong></a><strong>&nbsp;</strong>và&nbsp;<a href=\"https://vi.wikipedia.org/wiki/Ch%E1%BB%A9ng_nh%E1%BA%ADn_b%E1%BA%A3o_v%E1%BB%87_r%E1%BB%ABng_FSC\" rel=\"noopener noreferrer\" target=\"_blank\" style=\"color: rgb(67, 67, 67);\"><strong><u>chứng nhận FSC</u></strong></a>&nbsp;thân thiện với môi trường.</p><p><img src=\"https://file.hstatic.net/200000065946/file/noi-that-moho-van-go-tu-nhien_3883f71c3edf44d19cad4f577a48e512.jpg\" alt=\"Mắt gỗ và vân gỗ tự nhiên\"></p><p><em>* Một số sản phẩm sử dụng gỗ tự nhiên có thể xuất hiện mắt gỗ ngẫu nhiên và vân gỗ trên bề mặt mỗi sản phẩm sẽ khác nhau – điều này là hoàn toàn tự nhiên, tạo nên sự độc đáo riêng cho từng sản phẩm. Vì vậy MOHO sẽ không áp dụng các chính sách đổi trả, bảo hành và bảo trì cho các trường hợp này.</em></p><p>&nbsp;</p><h2 class=\"ql-align-center\"><strong>3. ĐẶC ĐIỂM NỔI BẬT</strong></h2><p class=\"ql-align-justify\"><a href=\"https://moho.com.vn/collections/oslo-collection\" rel=\"noopener noreferrer\" target=\"_blank\" style=\"color: rgb(67, 67, 67);\"><strong><u>Bộ sưu tập nội thất</u></strong></a><strong>&nbsp;OSLO</strong>&nbsp;lấy ý tưởng từ những nhịp sống hiện đại, hối hả của thành phố OSLO của Na Uy.</p><h3 class=\"ql-align-justify\"><strong>Thiết kế tối ưu tiện ích</strong></h3><p class=\"ql-align-justify\">Bàn trà có thiết kế thêm&nbsp;kệ ngăn bên dưới gia tăng khả năng chứa đồ đầy tiện lợi.</p><p class=\"ql-align-center\"><img src=\"https://file.hstatic.net/200000065946/file/noi-that-moho-oslo-ban-sofa-vuon-4_4ff02a7475024efea12de8bfdfe2f127.jpg\" alt=\"noi-that-moho-oslo-ban-sofa-vuon-3\"></p><p class=\"ql-align-justify\">&nbsp;</p><p class=\"ql-align-justify\"><strong>Mặt bàn Veneer gỗ sồi</strong></p><p class=\"ql-align-justify\">Bề mặt sản phẩm được xử lý nhẵn mịn, veneer thêm vân gỗ sồi mang&nbsp;màu sắc đẹp tự nhiên.</p><p class=\"ql-align-center\"><img src=\"https://file.hstatic.net/200000065946/file/noi-that-moho-oslo-ban-sofa-vuon-5_24f22d4a621c4f449db6722b9f192675.jpg\" alt=\"noi-that-moho-oslo-ban-sofa-vuon-4\"></p><p class=\"ql-align-justify\">&nbsp;</p><p class=\"ql-align-justify\"><strong>Các góc cạnh bàn được bo tròn&nbsp;</strong></p><p class=\"ql-align-justify\">Từng đường nét góc cạnh được hoàn thiện một cách tỉ mỉ đem lại vẻ đẹp hoàn thiện cho sản phẩm.</p><p class=\"ql-align-center\"><img src=\"https://file.hstatic.net/200000065946/file/noi-that-moho-oslo-ban-sofa-vuon-6_0abac03d59dc4800a5b275d719082859.jpg\" alt=\"noi-that-moho-oslo-ban-sofa-vuon-6\"></p><p class=\"ql-align-center\">&nbsp;</p><p class=\"ql-align-justify\"><strong>Chân bàn gỗ cao su</strong></p><p class=\"ql-align-justify\">Phần chân bàn trà sofa được làm hoàn toàn bằng gỗ cao su tự nhiên giúp khung bàn hoàn toàn chắc chắn, chịu tải trọng lớn từ nhiều món đồ trang trí như chậu cây, sách báo...</p><p class=\"ql-align-center\"><img src=\"https://file.hstatic.net/200000065946/file/noi-that-moho-oslo-ban-sofa-vuon-7_5cf9c6a7216e45d48ae27170a0dc1a29.jpg\" alt=\"noi-that-moho-oslo-ban-sofa-vuon-7\"></p><p class=\"ql-align-justify\">&nbsp;</p><p class=\"ql-align-justify\"><strong>Độ rộng giữa kệ ngăn và mặt bàn rộng</strong></p><p class=\"ql-align-justify\">Khoảng cách giữa ngăn kệ và mặt bàn khá lớn, thuận tiện&nbsp;cho việc vệ sinh, lau chùi.</p><p class=\"ql-align-center\"><img src=\"https://file.hstatic.net/200000065946/file/noi-that-moho-oslo-ban-sofa-vuon-8_04d56bda3339479d9c000d5d54fbd386.jpg\" alt=\"noi-that-moho-oslo-ban-sofa-vuon-8\"></p><p class=\"ql-align-justify\">&nbsp;</p><h2 class=\"ql-align-center\"><strong>4. KHÔNG&nbsp;GIAN SỐNG</strong></h2><p class=\"ql-align-justify\">Bàn trà sofa chữ nhật OSLO giúp mang lại&nbsp;không gian&nbsp;hiện đại cho không gian&nbsp;<a href=\"https://moho.com.vn/collections/phong-khach\" rel=\"noopener noreferrer\" target=\"_blank\" style=\"color: rgb(67, 67, 67);\"><strong><u>nội thất phòng khách</u></strong></a>&nbsp;với màu sắc tự nhiên và màu nâu sang trọng, chúng sẽ tô điểm cho không gian nhà bạn trở nên đầy tính thẩm mỹ.</p><p class=\"ql-align-center\"><img src=\"https://file.hstatic.net/200000065946/file/noi-that-moho-oslo-ban-sofa-vuon-9_882da29df12b4fce9f48c6a3e58f0b1c.jpg\" alt=\"noi-that-moho-oslo-ban-sofa-vuon-8\"></p><p class=\"ql-align-justify\">&nbsp;</p><p><br></p>', 1971000.00, 7, 2, 1, '<p><strong>Kích thước:&nbsp;</strong>Dài 95cm x Rộng 50cm x Cao 42cm</p><p><strong>Chất liệu:</strong></p><p>- Mặt bàn màu nâu: Gỗ thông tự nhiên</p><p>- Mặt bàn màu tự nhiên: Gỗ công nghiệp MDF chuẩn CARB-P2 (*), Veneer gỗ sồi</p><p>- Chân bàn màu nâu: Gỗ thông tự nhiên</p><p>- Chân bàn màu tự nhiên: Gỗ cao su tự nhiên</p><p><em>(*) Tiêu chuẩn California Air Resources Board xuất khẩu Mỹ, đảm bảo gỗ không độc hại, an toàn cho sức khỏe</em></p>', 5, 2190000.00, 1);

-- --------------------------------------------------------

--
-- Table structure for table `san_pham_kich_thuoc`
--

CREATE TABLE `san_pham_kich_thuoc` (
  `san_pham_id` int(11) NOT NULL,
  `kich_thuoc_id` int(11) NOT NULL
) ENGINE=InnoDB DEFAULT CHARSET=utf8 COLLATE=utf8_unicode_ci;

--
-- Dumping data for table `san_pham_kich_thuoc`
--

INSERT INTO `san_pham_kich_thuoc` (`san_pham_id`, `kich_thuoc_id`) VALUES
(1, 5),
(2, 6),
(2, 7),
(17, 7),
(18, 2),
(18, 3),
(19, 2),
(20, 4),
(20, 5),
(21, 6),
(22, 2),
(23, 2),
(24, 2),
(25, 2),
(26, 6),
(26, 7),
(27, 7),
(28, 2),
(29, 6),
(29, 7),
(30, 6),
(30, 7),
(31, 2),
(31, 4),
(32, 2),
(33, 5),
(34, 4),
(34, 5),
(35, 2);

-- --------------------------------------------------------

--
-- Table structure for table `san_pham_mau_sac`
--

CREATE TABLE `san_pham_mau_sac` (
  `san_pham_id` int(11) NOT NULL,
  `mau_sac_id` int(11) NOT NULL
) ENGINE=InnoDB DEFAULT CHARSET=utf8 COLLATE=utf8_unicode_ci;

--
-- Dumping data for table `san_pham_mau_sac`
--

INSERT INTO `san_pham_mau_sac` (`san_pham_id`, `mau_sac_id`) VALUES
(1, 5),
(1, 6),
(2, 4),
(17, 4),
(17, 7),
(18, 4),
(19, 6),
(20, 4),
(21, 2),
(21, 5),
(22, 4),
(22, 6),
(23, 4),
(23, 6),
(24, 4),
(24, 6),
(25, 3),
(26, 3),
(26, 5),
(27, 2),
(27, 6),
(28, 6),
(29, 2),
(30, 5),
(31, 1),
(31, 5),
(32, 1),
(32, 3),
(33, 4),
(33, 6),
(34, 1),
(34, 4),
(35, 4),
(35, 6);

-- --------------------------------------------------------

--
-- Table structure for table `tai_khoan`
--

CREATE TABLE `tai_khoan` (
  `id` int(11) NOT NULL,
  `email` varchar(255) NOT NULL,
  `mat_khau` varchar(255) NOT NULL,
  `ho_ten` varchar(255) NOT NULL,
  `sdt` varchar(20) DEFAULT NULL,
  `trang_thai` enum('active','inactive') DEFAULT 'active',
  `role` enum('admin','customer') NOT NULL DEFAULT 'customer'
) ENGINE=InnoDB DEFAULT CHARSET=utf8 COLLATE=utf8_unicode_ci;

--
-- Dumping data for table `tai_khoan`
--

INSERT INTO `tai_khoan` (`id`, `email`, `mat_khau`, `ho_ten`, `sdt`, `trang_thai`, `role`) VALUES
(1, '2100010828@nttu.edu.vn', '', 'Huy Hồ Quốc', '', 'active', 'customer'),
(2, 'admin@gmail.com', '1803', 'Admin', '0336657490', 'active', 'admin'),
(3, 'hhhhhuyyyyy1803@gmail.com', '', 'Quốc Huy', '', 'active', 'customer'),
(4, 'Huyhuyhuy1803@gmail.com', '1803', 'Hồ Quốc H', '0336657490', 'active', 'customer'),
(5, 'hoangtunhonho18@gmail.com', '', 'Nhỏ Hoàng Tử', '', 'active', 'customer'),
(6, 'highlandscoffeevn1803@gmail.com', '', 'Huy Hồ Quốc', '', 'active', 'customer');

-- --------------------------------------------------------

--
-- Table structure for table `tin_tuc`
--

CREATE TABLE `tin_tuc` (
  `id` int(11) NOT NULL,
  `tieu_de` varchar(255) NOT NULL,
  `hinh_anh` varchar(255) DEFAULT NULL,
  `noi_dung` text NOT NULL,
  `ngay_dang` timestamp NOT NULL DEFAULT current_timestamp(),
  `luot_xem` int(11) DEFAULT 0,
  `trang_thai` enum('Đã duyệt','Chưa duyệt') DEFAULT 'Đã duyệt'
) ENGINE=InnoDB DEFAULT CHARSET=utf8 COLLATE=utf8_unicode_ci;

--
-- Dumping data for table `tin_tuc`
--

INSERT INTO `tin_tuc` (`id`, `tieu_de`, `hinh_anh`, `noi_dung`, `ngay_dang`, `luot_xem`, `trang_thai`) VALUES
(1, 'Tìm hiểu phong cách thiết kế nội thất cổ điển là gì?', 'http://localhost:4000/uploads/file_1732195285504.webp', '<ul><li><a href=\"https://moho.com.vn/blogs/media/phong-cach-thiet-ke-noi-that-co-dien#\" rel=\"noopener noreferrer\" target=\"_blank\" style=\"color: rgb(67, 67, 67);\">&nbsp;Media</a></li></ul><p class=\"ql-align-justify\"><span style=\"color: rgb(0, 0, 0);\">Từ những cung điện tráng lệ đến những biệt thự cổ kính,&nbsp;</span><a href=\"https://moho.com.vn/blogs/media/phong-cach-thiet-ke-noi-that-co-dien\" rel=\"noopener noreferrer\" target=\"_blank\" style=\"color: rgb(0, 0, 0);\">phong cách thiết kế nội thất cổ điển</a><span style=\"color: rgb(0, 0, 0);\">&nbsp;luôn toát ra vẻ đẹp trường tồn theo thời gian. Đây không chỉ là xu hướng thiết kế mà còn là một câu chuyện về lịch sử và nghệ thuật. Với những đường nét tinh xảo, chất liệu cao cấp và màu sắc trầm ấm, phong cách cổ điển sẽ mang đến sự đẳng cấp cho căn nhà của bạn. Trong bài viết này, hãy cùng&nbsp;</span><a href=\"https://moho.com.vn/\" rel=\"noopener noreferrer\" target=\"_blank\" style=\"color: rgb(0, 0, 0);\">Nội Thất MOHO</a><span style=\"color: rgb(0, 0, 0);\">&nbsp;khám phá chi tiết về các thiết kế này, cùng với đó là cách để mang hơi thở cổ điển vào không gian sống.</span></p><h2 class=\"ql-align-justify\"><strong>Tìm hiểu chi tiết phong cách thiết kế nội thất cổ điển là gì?</strong></h2><p class=\"ql-align-justify\">Phong cách nội thất cổ điển là phong cách thiết kế hướng đến sự sang trọng, đẳng cấp và mang đậm dấu ấn lịch sử, nghệ thuật. Không gian thường sử dụng chất liệu cao cấp như gỗ tự nhiên, da thuộc, gam màu trầm ấm. Bên cạnh đó là những họa tiết trang trí tinh xảo, sử dụng các phụ kiện như tranh sơn dầu, tượng đá hay đồ gốm sứ. Tính đối xứng và sự cân bằng là những yếu tố quan trọng tạo nên vẻ đẹp hài hòa cho không gian.</p><p class=\"ql-align-justify\">&nbsp;</p><p class=\"ql-align-center\"><img src=\"https://file.hstatic.net/200000065946/file/-phong-cach-thiet-ke-noi-that-co-dien_9b9d17ef057b4beebdb68e96389703a7_grande.jpg\" alt=\"Hình ảnh bài viết\"></p><p class=\"ql-align-center\"><em>Như thế nào là phong cách thiết kế nội thất cổ điển ?</em></p><p class=\"ql-align-justify\">&nbsp;</p><h2 class=\"ql-align-justify\"><strong>Quá trình hình thành phong cách nội thất cổ điển</strong></h2><p class=\"ql-align-justify\">Phong cách thiết kế nội thất cổ điển ra đời vào thế kỷ 17 - 18, có nguồn gốc sâu xa từ các nền văn minh cổ đại, đặc biệt là Hy Lạp và La Mã. Trải qua hàng thế kỷ, phong cách này đã phát triển và hoàn thiện, đạt đến đỉnh cao trong thời kỳ Phục Hưng tại châu Âu.</p><p class=\"ql-align-justify\">Tại Hy Lạp cổ đại, các kiến trúc, nội thất đã thể hiện sự cân đối hoàn hảo thông qua các cột trụ đối xứng và họa tiết hoa văn tinh tế. Người La Mã kế thừa, phát triển thêm bằng việc đưa vào những yếu tố xa hoa, lộng lẫy hơn với các vật liệu quý, chẳng hạn như đá cẩm thạch hay các chi tiết mạ vàng.</p><p class=\"ql-align-justify\">Đến thời kỳ Phục Hưng, phong cách cổ điển được tái sinh với nhiều đổi mới, tạo nên những công trình mê hoặc lòng người. Ngày nay, thiết kế này vẫn được ưa chuộng và áp dụng rộng rãi, đặc biệt là trong các công trình biệt thự, khách sạn cao cấp.</p><h2 class=\"ql-align-justify\"><strong>Những nét đặc trưng của thiết kế nội thất kiểu cổ điển</strong></h2><p class=\"ql-align-justify\">Phong cách thiết kế nội thất cổ điển toát ra vẻ đẹp trường tồn theo thời gian, được tạo nên bởi sự kết hợp hài hòa giữa những nét tinh tế, sự cầu kỳ và sự âm hưởng từ lịch sử. Để tạo nên một không gian cổ điển đúng nghĩa, các kiến trúc sư thường tuân theo những điểm đặc trưng riêng biệt như sau.</p><h3 class=\"ql-align-justify\"><strong>1. Tính đối xứng</strong></h3><p class=\"ql-align-justify\">Đối xứng là nguyên tắc vàng trong thiết kế nội thất cổ điển. Mọi yếu tố trong không gian đều được sắp xếp theo trục đối xứng rõ ràng, tạo nên sự cân bằng và hài hòa cho tổng thể. Bố cục phòng luôn cân bằng hai bên, đồ nội thất được đặt đối xứng qua trục chính. Điểm nhấn ở trung tâm có thể là đèn chùm, bàn trà. Ngoài ra, cửa sổ và cửa ra vào cũng được bố trí cân đối, thể hiện sự tỉ mỉ và tinh tế trong cách bố trí.&nbsp;</p><p class=\"ql-align-center\">&nbsp;</p><p class=\"ql-align-center\"><img src=\"https://file.hstatic.net/200000065946/file/-xung-trong-thiet-ke-noi-that-co-dien_1ef2ecfe861c47eb80a998d600e02b66_grande.jpg\" alt=\"Hình ảnh bài viết\"></p><p class=\"ql-align-center\"><em>Thiết kế đối xứng trong thiết kế nội thất cổ điển</em></p><p class=\"ql-align-center\">&nbsp;</p><h3 class=\"ql-align-justify\"><strong>2. Đồ nội thất</strong></h3><p class=\"ql-align-justify\">Đồ nội thất trong phong cách cổ điển sử dụng chất liệu cao cấp như gỗ tự nhiên, đá cẩm thạch, da thật. Những nét chạm khắc tinh xảo kết hợp với kích thước lớn thể hiện sự công phu trong từng chi tiết, tạo độ hoành tráng cho không gian. Đặc biệt, phong cách cổ điển thường ưu tiên các món đồ thủ công chế tác tỉ mỉ, thể hiện sự tôn trọng đối với nghệ thuật thủ công truyền thống.</p><p class=\"ql-align-center\">&nbsp;</p><p class=\"ql-align-center\"><img src=\"https://file.hstatic.net/200000065946/file/do-noi-that-chat-lieu-cao-cap_31fbc9a1a1604e86b232b2f5b0d5765d_grande.jpg\" alt=\"Hình ảnh bài viết\"></p><p class=\"ql-align-center\"><em>Đồ nội thất chất liệu cao cấp</em></p><p class=\"ql-align-justify\">&nbsp;</p><h3 class=\"ql-align-justify\"><strong>3. Màu sắc tinh tế</strong></h3><p class=\"ql-align-justify\">Màu sắc trong phong cách cổ điển là sự kết hợp tinh tế giữa gam màu trầm ấm và những điểm nhấn sang trọng. Những tông màu chủ đạo thường được lựa chọn là nâu, đen, vàng, đỏ rượu vang, mang đến cảm giác ấm cúng, quyền quý và tạo nên sự sang trọng cho không gian. Để tạo nên sự hài hòa và tinh tế, các kiến trúc sư thường kết hợp những tông màu này với nhau một cách khéo léo:</p><ul><li class=\"ql-align-justify\">Xanh rêu - Xanh rừng già</li><li class=\"ql-align-justify\">Đỏ rượu - Màu trung tính</li><li class=\"ql-align-justify\">Xanh dương - Vàng</li><li class=\"ql-align-justify\">Xám - Vàng</li></ul><p class=\"ql-align-center\">&nbsp;</p><p class=\"ql-align-center\"><img src=\"https://file.hstatic.net/200000065946/file/mau-sac-noi-that-co-dien_c24b2a63dece4625aba49f66fca6d98d_grande.jpg\" alt=\"Hình ảnh bài viết\"></p><p class=\"ql-align-center\"><em>Màu sắc nội thất cổ điển</em></p><p class=\"ql-align-center\">&nbsp;</p><h3 class=\"ql-align-justify\"><strong>4. Ánh sáng</strong></h3><p class=\"ql-align-justify\">Ánh sáng đóng vai trò quan trọng trong việc tạo nên không gian sang trọng cho phong cách cổ điển. Điểm nhấn không thể thiếu đó chính là các mẫu đèn chùm pha lê lấp lánh. Ngoài ra, các phòng sẽ được bố trí cửa sổ lớn để đón ánh sáng tự nhiên, tạo sự sáng sủa. Đèn tường trang trí với họa tiết cổ điển, tạo điểm nhấn cho từng góc phòng. Với nguồn ánh sáng dịu nhẹ, ấm áp, bạn sẽ cảm nhận được sự thư giãn và thoải mái khi bước vào nhà.</p><p class=\"ql-align-center\">&nbsp;</p><p class=\"ql-align-center\"><img src=\"https://file.hstatic.net/200000065946/file/nh-sang-trong-khong-gian-kieu-co-dien_a910f6ccc6684d1ca15879d8b9023194_grande.jpg\" alt=\"Hình ảnh bài viết\"></p><p class=\"ql-align-center\"><em>Ánh sáng trong không gian kiểu cổ điển</em></p><p class=\"ql-align-center\">&nbsp;</p><h3 class=\"ql-align-justify\"><strong>5. Phụ kiện trang trí</strong></h3><p class=\"ql-align-justify\">Các phụ kiện trang trí góp phần tạo nên vẻ đẹp hoàn hảo cho phong cách cổ điển. Các mẫu gương với khung viền hoa văn tinh xảo sẽ tạo điểm nhấn cho không gian. Ngoài ra, nơi đây cũng không thể thiếu tranh sơn dầu cổ điển. Rèm cửa dày có tua rua và họa tiết, tạo sự ấm cúng. Bên cạnh đó, các mẫu thảm Ba Tư, thảm họa tiết hay bình gốm, đồ đồng cổ cũng được sử dụng để tăng thêm sự sang trọng cho không gian.</p><p class=\"ql-align-center\">&nbsp;</p><p class=\"ql-align-center\"><img src=\"https://file.hstatic.net/200000065946/file/tham-hoa-tiet-duoc-ua-chuong_49f42cec06524fabbce5f318d3179295_grande.jpg\" alt=\"Hình ảnh bài viết\"></p><p class=\"ql-align-center\"><em>Thảm họa tiết được ưa chuộng</em></p><p class=\"ql-align-center\">&nbsp;</p><h3 class=\"ql-align-justify\"><strong>6. Phong thủy</strong></h3><p class=\"ql-align-justify\">Việc kết hợp phong thủy trong thiết kế nội thất cổ điển rất được coi trọng. Theo đó, nội thất sẽ được bố trí theo nguyên tắc phong thủy, chọn màu sắc phù hợp với mệnh gia chủ. Đồng thời, các vật phẩm phong thủy cũng được sử dụng hợp lý, tạo sự cân bằng âm dương. Nhờ vậy, gia chủ sẽ gặp nhiều may mắn, tài lộc. Phong cách cổ điển không chỉ đẹp mà còn mang đến sự hài hòa giữa con người và không gian, tạo nên cảm giác an toàn cho người sử dụng.</p><h2 class=\"ql-align-justify\"><strong>Top 10 mẫu thiết kế nội thất phong cách cổ điển đẹp</strong></h2><p class=\"ql-align-justify\">Phong cách cổ điển mang đến vẻ đẹp trường tồn theo thời gian, tạo nên không gian sống đẳng cấp. Dưới đây là 10+ mẫu thiết kế nội thất cổ điển đẹp cho&nbsp;<a href=\"https://moho.com.vn/collections/phong-khach\" rel=\"noopener noreferrer\" target=\"_blank\" style=\"color: rgb(41, 105, 128);\"><strong>phòng khách</strong></a>,&nbsp;<a href=\"https://moho.com.vn/collections/phong-an\" rel=\"noopener noreferrer\" target=\"_blank\" style=\"color: rgb(41, 105, 128);\"><strong>phòng ăn</strong></a>&nbsp;và&nbsp;<a href=\"https://moho.com.vn/collections/phong-ngu\" rel=\"noopener noreferrer\" target=\"_blank\" style=\"color: rgb(41, 105, 128);\"><strong>phòng ngủ</strong></a>, bạn có thể tham khảo nhé.</p><p class=\"ql-align-justify\">&nbsp;</p><p class=\"ql-align-center\"><img src=\"https://file.hstatic.net/200000065946/file/phong-khach-co-dien_74c8059cddfc47cdb8a066731866f9a0_grande.jpg\" alt=\"Hình ảnh bài viết\"></p><p class=\"ql-align-center\"><em>Phòng khách cổ điển</em></p><p class=\"ql-align-center\">&nbsp;</p><p class=\"ql-align-center\"><img src=\"https://file.hstatic.net/200000065946/file/mau-phong-khach-co-dien-tong-mau-xanh_2dafa8cb3bc64a20aa898597f015e0e1_grande.jpg\" alt=\"Hình ảnh bài viết\"></p><p class=\"ql-align-center\"><em>Mẫu phòng khách cổ điển tông màu xanh</em></p><p class=\"ql-align-center\">&nbsp;</p><p class=\"ql-align-center\"><img src=\"https://file.hstatic.net/200000065946/file/ke-phong-khach-dac-trung-kieu-co-dien_b8458cd24a014fdf8e9c47d03a060676_grande.jpg\" alt=\"Hình ảnh bài viết\"></p><p class=\"ql-align-center\"><em>Thiết kế phòng khách đặc trưng kiểu cổ điển</em></p><p class=\"ql-align-center\">&nbsp;</p><p class=\"ql-align-center\"><img src=\"https://file.hstatic.net/200000065946/file/nha-pho-theo-phong-cach-co-dien_f8a4ac368ac9441f93b05dcdc57b75f5_grande.jpg\" alt=\"Hình ảnh bài viết\"></p><p class=\"ql-align-center\"><em>Nhà phố theo phong cách cổ điển</em></p><p class=\"ql-align-center\">&nbsp;</p><p class=\"ql-align-center\"><img src=\"https://file.hstatic.net/200000065946/file/phong-bep-co-dien-noi-that-sang-trong_8851380efc294afc9dd24c51783efbff_grande.jpg\" alt=\"Hình ảnh bài viết\"></p><p class=\"ql-align-center\"><em>Phòng bếp cổ điển, nội thất sang trọng</em></p><p class=\"ql-align-center\">&nbsp;</p><p class=\"ql-align-center\"><img src=\"https://file.hstatic.net/200000065946/file/thiet-ke-bep-co-dien_90527229c9e248e88b828ab0e47b3446_grande.jpg\" alt=\"Hình ảnh bài viết\"></p><p class=\"ql-align-center\"><em>Thiết kế bếp cổ điển</em></p><p class=\"ql-align-center\">&nbsp;</p><p class=\"ql-align-center\"><img src=\"https://file.hstatic.net/200000065946/file/u-phong-an-tinh-te-phong-cach-co-dien_899022caabbd41dba9f313570fb7defd_grande.jpg\" alt=\"Hình ảnh bài viết\"></p><p class=\"ql-align-center\"><em>Mẫu phòng ăn tinh tế, phong cách cổ điển</em></p><p class=\"ql-align-center\">&nbsp;</p><p class=\"ql-align-center\"><img src=\"https://file.hstatic.net/200000065946/file/mau-phong-ngu-co-dien-nhieu-anh-sang_f937774369634b01ba348bad12375f90_grande.jpg\" alt=\"Hình ảnh bài viết\"></p><p class=\"ql-align-center\"><em>Mẫu phòng ngủ cổ điển nhiều ánh sáng</em></p><p class=\"ql-align-center\">&nbsp;</p><p class=\"ql-align-center\"><img src=\"https://file.hstatic.net/200000065946/file/phong-ngu-co-dien-sang-trong_53bddffea1084b1ba2eef5f72def5b4a_grande.jpg\" alt=\"Hình ảnh bài viết\"></p><p class=\"ql-align-center\"><em>Phòng ngủ cổ điển sang trọng</em></p><p class=\"ql-align-center\">&nbsp;</p><p class=\"ql-align-center\"><img src=\"https://file.hstatic.net/200000065946/file/phong-ngu-lang-man-kieu-co-dien_c042cd8e94354c51ba276a8a566e4b01_grande.jpg\" alt=\"Hình ảnh bài viết\"></p><p class=\"ql-align-center\"><em>Phòng ngủ lãng mạn kiểu cổ điển</em></p><p class=\"ql-align-center\">&nbsp;</p><p class=\"ql-align-center\"><img src=\"https://file.hstatic.net/200000065946/file/noi-that-co-dien-tai-phong-ngu_a0b677ab942f499d965c1cde253d1910_grande.jpg\" alt=\"Hình ảnh bài viết\"></p><p class=\"ql-align-center\"><em>Nội thất cổ điển tại phòng ngủ</em></p><p class=\"ql-align-justify\"><br></p><p class=\"ql-align-justify\">&nbsp;</p><p class=\"ql-align-justify\"><strong>Phong cách thiết kế nội thất cổ điển</strong>&nbsp;là sự kết hợp hoàn hảo giữa nghệ thuật và công năng. Dù không gian lớn hay nhỏ, việc áp dụng những nguyên tắc cơ bản trên sẽ giúp tạo nên một không gian sống sang trọng. Hy vọng rằng những thông tin sẽ giúp cho bạn chọn được kiểu trang trí phù hợp. Cùng đón xem các bài viết từ&nbsp;<a href=\"https://moho.com.vn/\" rel=\"noopener noreferrer\" target=\"_blank\" style=\"color: rgb(41, 105, 128);\"><strong>Nội Thất MOHO</strong></a>&nbsp;để khám phá thêm nhiều mẫu nội thất đẹp nhé.</p>', '2024-11-21 13:28:24', 3, 'Đã duyệt'),
(2, 'Top mẫu nội thất gỗ óc chó phòng khách hiện đại năm 2024', 'http://localhost:4000/uploads/file_1732196799129.webp', '<p><a href=\"https://moho.com.vn/blogs/media/noi-that-go-oc-cho-phong-khach#\" rel=\"noopener noreferrer\" target=\"_blank\" style=\"color: rgb(67, 67, 67);\">&nbsp;Media</a><a href=\"https://moho.com.vn/blogs/media/noi-that-go-oc-cho-phong-khach\" rel=\"noopener noreferrer\" target=\"_blank\" style=\"color: rgb(0, 0, 0);\">Nội thất gỗ óc chó phòng khách</a><span style=\"color: rgb(0, 0, 0);\">&nbsp;đang trở thành một trong những xu hướng thiết kế hiện đại được nhiều gia đình Việt ưa chuộng. Chất liệu này mang đến vẻ đẹp sang trọng, đẳng cấp khi kết hợp với các đồ dùng khác. Trong bài viết này,&nbsp;</span><a href=\"https://moho.com.vn/\" rel=\"noopener noreferrer\" target=\"_blank\" style=\"color: rgb(0, 0, 0);\">Nội Thất MOHO</a><span style=\"color: rgb(0, 0, 0);\">&nbsp;sẽ giúp bạn khám phá top những mẫu nội thất gỗ óc chó đẹp nhất 2024.</span><strong>Nội thất gỗ óc chó phòng khách phù hợp với phong cách thiết kế nào?</strong>Với vẻ đẹp sang trọng, tinh tế những sản phẩm được làm từ chất liệu gỗ óc chó phù hợp với nhiều phong cách khác nhau. Dưới đây là một vài phong cách nổi bật mà bạn có thể ứng dụng để trang trí cho không gian phòng khách.<strong>Phong cách thiết kế nội thất với vẻ đẹp hiện đại</strong>Nhờ vào vẻ đẹp tự nhiên, màu sắc trang nhã và các đường vân gỗ độc đáo, chất liệu gỗ óc chó phù hợp với phong cách phòng khách hiện đại. Đồ nội thất làm từ chất liệu này làm nổi bật không gian, mang đến sự sang trọng, tinh tế.&nbsp;&nbsp;<img src=\"https://file.hstatic.net/200000065946/file/go-oc-cho-phong-khach-ve-dep-hien-dai_6bacb45ba3aa4d4eb96e585f4027a70e_grande.jpg\" alt=\"Hình ảnh bài viết\"><em>Nội thất gỗ óc chó phòng khách vẻ đẹp hiện đại</em>&nbsp;<strong>Phong cách nội thất Luxury</strong>Phong cách Luxury đề cao sự sang trọng, đẳng cấp và chất liệu gỗ óc chó tự tin có thể đáp ứng được. Với vân gỗ tự nhiên, màu sắc trầm ấm, sản phẩm sẽ mang đến cảm giác quý phái, giúp không gian thêm phần nổi bật. Bạn có thể lựa chọn những mẫu bàn, tủ tivi có thiết kế tinh xảo để thể hiện sự đẳng cấp của gia chủ.&nbsp;<img src=\"https://file.hstatic.net/200000065946/file/phong-khach-noi-that-go-oc-cho-luxury_3ea25d38812146faa3137ee4aa27d3af_grande.jpg\" alt=\"Hình ảnh bài viết\"><em>Phòng khách nội thất gỗ óc chó Luxury&nbsp;</em>&nbsp;<strong>Phong cách nội thất tối giản</strong>Chất liệu gỗ óc chó cũng rất phù hợp để làm nội thất gỗ óc chó phòng khách phong cách tối giản. Với vân gỗ đặc trưng, những đồ nội thất này vừa đẹp lại vừa toát lên sự tinh tế, thanh lịch.&nbsp;<img src=\"https://file.hstatic.net/200000065946/file/ong-khach-go-oc-cho-thiet-ke-don-gian_392e5d01a4a44242b4568945d33e621f_grande.jpg\" alt=\"Hình ảnh bài viết\"><em>Nội thất phòng khách gỗ óc chó thiết kế đơn giản</em>&nbsp;<strong>Phong cách nội thất theo kiểu Tân cổ điển</strong>Trong phong cách Tân cổ điển, vật liệu gỗ óc chó mang đến cho phòng khách vẻ đẹp vừa truyền thống vừa hiện đại. Các sản phẩm này đa phần có nhiều chi tiết uốn lượn và được trang trí rất cầu kỳ, thể hiện vẻ đẹp quý phái.&nbsp;<img src=\"https://file.hstatic.net/200000065946/file/phong-khach-tan-co-dien-go-oc-cho_e8ca88234a3145d4b14945bb7fb86f38_grande.jpg\" alt=\"Hình ảnh bài viết\"><em>Phòng khách Tân cổ điển gỗ óc&nbsp;chó</em>&nbsp;<strong>Hạng mục thiết kế phòng khách đồ nội thất gỗ óc chó</strong>Hiện nay, với chất lượng ấn tượng, gỗ óc chó được sử dụng cho nhiều đồ nội thất phòng khách. Chẳng hạn như làm sofa gỗ, bàn trà, kệ tivi, tủ trang trí, tủ rượu,...<strong>Sofa gỗ óc chó&nbsp;</strong>Sofa gỗ óc chó là điểm nhấn nổi bật trong không gian phòng khách, giúp căn phòng trở nên sang trọng. Hiện nay, thị trường có nhiều mẫu sofa với kiểu dáng đa dạng, phù hợp với nhu cầu của gia đình. Những đường vân gỗ tự nhiên nổi bật trên bề mặt sofa sẽ làm tăng thêm tính nghệ thuật cho không gian sống.&nbsp;<img src=\"https://file.hstatic.net/200000065946/file/sofa-go-oc-cho_e6a818976fbf407a8e94d1f0bc0b0919_grande.jpg\" alt=\"Hình ảnh bài viết\"><em>Sofa gỗ óc chó</em>&nbsp;<strong>Bàn trà gỗ óc chó</strong>Bàn trà gỗ óc chó là sự kết hợp hoàn hảo cùng sofa gỗ óc chó, tạo nên sự đồng bộ cho không gian phòng khách. Bàn trà có nhiều kiểu dáng như tròn, vuông, chữ nhật, đáp ứng sở thích của từng gia chủ. Chất liệu gỗ óc chó tạo cảm giác chắc chắn và đẳng cấp, đồng thời dễ dàng phối hợp với các phụ kiện trang trí khác, làm tôn lên vẻ đẹp của nội thất phòng khách.&nbsp;<img src=\"https://file.hstatic.net/200000065946/file/ban-tra-go-oc-cho_3bd98c71be4f48359960a4437bc1f7ac_grande.jpg\" alt=\"Hình ảnh bài viết\"><em>Bàn trà gỗ óc chó</em>&nbsp;<strong>Kệ tivi gỗ óc chó</strong>Kệ tivi gỗ óc chó sẽ là sản phẩm góp phần tạo nên điểm nhấn ấn tượng cho phòng khách. Sản phẩm này được thiết kế một cách đơn giản, màu sắc hài hoà và sở hữu vẻ đẹp tinh tế.&nbsp;<img src=\"https://file.hstatic.net/200000065946/file/ke-tivi-go-oc-cho_09b6089efd06444786babd1e30fcd475_grande.jpg\" alt=\"Hình ảnh bài viết\"><em>Kệ tivi gỗ óc chó</em>&nbsp;<strong>Mẫu tủ trang trí, tủ rượu gỗ óc chó&nbsp;</strong>Tủ trang trí, tủ rượu gỗ óc chó là món đồ nội thất lý tưởng cho không gian phòng khách. Chúng có thể kết hợp cùng hệ thống đèn LED chiếu sáng, không chỉ đảm bảo tính thẩm mỹ mà còn là nơi trưng bày rượu, vật phẩm trang trí một cách tinh tế. Chất liệu gỗ óc chó tự nhiên vừa mang đến vẻ đẹp sang trọng vừa đảm bảo độ bền tốt.&nbsp;<img src=\"https://file.hstatic.net/200000065946/file/tu-ruou-go-oc-cho_8da3e0b32abc4d58867b714a712018fd_grande.jpg\" alt=\"Hình ảnh bài viết\"><em>Tủ rượu gỗ óc chó</em>&nbsp;<strong>Top mẫu nội thất gỗ óc chó cho không gian phòng khách năm 2024</strong>Trong năm 2024, nội thất gỗ óc chó là xu hướng hàng đầu cho các thiết kế phòng khách.&nbsp;Cùng Nội Thất MOHO khám phá các mẫu sản phẩm hàng đầu hiện nay để nâng tầm không gian của bạn!&nbsp;<img src=\"https://file.hstatic.net/200000065946/file/-khach-sang-trong-chat-lieu-go-oc-cho_4eeaefa89f0a4057865b10faa78fbb5c_grande.jpg\" alt=\"Hình ảnh bài viết\"><em>Nội thất phòng khách sang trọng chất liệu gỗ óc chó</em>&nbsp;<img src=\"https://file.hstatic.net/200000065946/file/-khach-sang-trong-chat-lieu-go-oc-cho_4eeaefa89f0a4057865b10faa78fbb5c_grande.jpg\" alt=\"Hình ảnh bài viết\"><em>Phòng khách gỗ óc chó tinh tế&nbsp;</em>&nbsp;<img src=\"https://file.hstatic.net/200000065946/file/n-chat-lieu-go-oc-cho-cho-phong-khach_0753b58ba3ff45dd91ddc0082f82b1fa_grande.jpg\" alt=\"Hình ảnh bài viết\"><em>Chọn chất liệu gỗ óc chó cho phòng khách&nbsp;</em>&nbsp;<img src=\"https://file.hstatic.net/200000065946/file/noi-that-go-oc-cho-dang-cap-nam-2024_3ac5e98f30d840bb9744e58ba5db32b9_grande.jpg\" alt=\"Hình ảnh bài viết\"><em>Nội thất gỗ óc chó đẳng cấp năm 2024</em>&nbsp;<img src=\"https://file.hstatic.net/200000065946/file/mau-phong-khach-go-oc-cho-an-tuong_6441af4f4bcd4c54b7c80049418ef904_grande.jpg\" alt=\"Hình ảnh bài viết\"><em>Mẫu phòng khách gỗ óc chó ấn tượng</em>&nbsp;<img src=\"https://file.hstatic.net/200000065946/file/xu-huong-noi-that-go-oc-cho-toi-gian_27be50e31f0d41ef8896a20b3ae40d45_grande.jpg\" alt=\"Hình ảnh bài viết\"><em>Xu hướng nội thất gỗ óc chó tối giản</em>&nbsp;<img src=\"https://file.hstatic.net/200000065946/file/that-go-oc-cho-phong-cach-tan-co-dien_77ce9e7a57b64d3c90c221f187e4d5c1_grande.jpg\" alt=\"Hình ảnh bài viết\"><em>Mẫu nội thất gỗ óc chó phong cách tân cổ điển</em>&nbsp;<img src=\"https://file.hstatic.net/200000065946/file/ong-khach-doc-dao-chat-lieu-go-oc-cho_d9d61ac50cb94106ae94e6ad9906e0a0_grande.jpg\" alt=\"Hình ảnh bài viết\"><em>Mẫu phòng khách độc đáo chất liệu gỗ óc chó</em>&nbsp;<img src=\"https://file.hstatic.net/200000065946/file/combo-do-go-oc-cho-cho-phong-khach_f3ca660e869746bc91d3a10c9072f23e_grande.jpg\" alt=\"Hình ảnh bài viết\"><em>Combo đồ gỗ óc chó cho phòng khách</em>&nbsp;<img src=\"https://file.hstatic.net/200000065946/file/-ghe-sofa-go-oc-cho-trong-phong-khach_0b92f72cb4fd4eeca95cd02b76f48cdd_grande.jpg\" alt=\"Hình ảnh bài viết\"><em>Bàn trà, ghế sofa gỗ óc chó trong phòng khách</em>&nbsp;<strong>Câu hỏi thường gặp khi muốn chọn mua đồ gỗ óc chó1. Cách bảo quản đồ dùng nội thất làm từ gỗ óc chó như thế nào?</strong>Trả lời: Muốn bảo quản đồ nội thất làm từ gỗ óc chó, bạn cần lau chùi thường xuyên. Bên cạnh đó, tránh để đồ dùng tiếp xúc với ánh nắng mặt trời trực tiếp để luôn giữ được vẻ ngoài bóng đẹp.<strong>2. Cách phân biệt đồ nội thất làm từ gỗ óc chó thật giả chuẩn</strong>Trả lời: Bạn có thể nhận biết chất lượng của đồ nội thất thông qua màu sắc. Với những sản phẩm thật sẽ có màu nâu trầm tự nhiên, dùng thời gian càng lâu thì càng bóng đẹp. Với gỗ giả thì màu sắc không tự nhiên, dễ phai màu, có thể quá đậm hoặc quá nhạt.Bên cạnh đó, bạn cũng có thể phân biệt thông qua mùi hương để mua được đồ nội thất thật, sang trọng. Sản phẩm thật có mùi hương dễ chịu, đặc trưng và hoàn toàn tự nhiên. Với những loại nội thất giả sẽ có mùi keo hoặc hoá chất rất nặng.<strong>3. Đồ nội thất làm từ gỗ óc chó có độc hại không?</strong>Trả lời: Không, bởi vì đây là loại gỗ tự nhiên, an toàn với sức khoẻ của con người.&nbsp;Xu hướng&nbsp;<strong>nội thất gỗ óc chó phòng khách&nbsp;</strong>đang trở thành một trong những xu hướng phổ biến. Với những sản phẩm này vừa sở hữu vẻ đẹp đẳng cấp, tinh tế và đa công năng. Mọi người đừng quên theo dõi các bài viết của&nbsp;<a href=\"https://moho.com.vn/\" rel=\"noopener noreferrer\" target=\"_blank\" style=\"color: rgb(41, 105, 128);\"><strong>MOHO</strong></a>&nbsp;để được biết thêm các sản phẩm nội thất đình đám khác nhé!</p>', '2024-11-21 13:46:41', 5, 'Đã duyệt'),
(3, 'Tìm hiểu chi tiết phong cách nội thất Nhật Bản | Xu hướng 2024', 'http://localhost:4000/uploads/file_1732196980433.webp', '<ul><li><a href=\"https://moho.com.vn/blogs/media/phong-cach-noi-that-nhat-ban#\" rel=\"noopener noreferrer\" target=\"_blank\" style=\"color: rgb(67, 67, 67);\">&nbsp;Media</a></li></ul><p><span style=\"color: rgb(0, 0, 0);\">Bạn muốn tìm kiếm một không gian sống mang đến cảm giác bình yên và tràn đầy năng lượng tích cực?&nbsp;</span><a href=\"https://moho.com.vn/blogs/media/phong-cach-noi-that-nhat-ban\" rel=\"noopener noreferrer\" target=\"_blank\" style=\"color: rgb(0, 0, 0);\">Phong cách nội thất Nhật Bản</a><span style=\"color: rgb(0, 0, 0);\">&nbsp;chính là câu trả lời hoàn hảo cho bạn. Với những nét đặc trưng độc đáo, thiết kế nội thất này đang trở thành xu hướng nổi bật trong năm 2024. Trong bài viết này, cùng&nbsp;</span><a href=\"https://moho.com.vn/\" rel=\"noopener noreferrer\" target=\"_blank\" style=\"color: rgb(0, 0, 0);\">MOHO</a><span style=\"color: rgb(0, 0, 0);\">&nbsp;khám phá chi tiết về các điểm đặc trưng và bí quyết để có không gian thư giãn.</span></p><h2><strong>Quá trình hình thành phong cách nội thất Nhật Bản</strong></h2><p>Qua nhiều thế kỳ, phong cách nội thất Nhật Bản vẫn đang phát triển và phản ánh triết lý sống của người Nhật. Thiết kế trọng tâm là sự hòa hợp với thiên nhiên, sử dụng vật liệu như gỗ, tre, đá. Ban đầu, nhà cửa tại đây được thiết kế đơn giản bằng gỗ, sàn đất. Đến thế kỷ 6-9, kiến trúc Nhật Bản chịu ảnh hưởng từ Trung Quốc và Hàn Quốc nhưng vẫn giữ nét đặc trưng với sự tối giản.</p><p>Thời kỳ Heian (thế kỷ 9-12) là giai đoạn phát triển mạnh mẽ với các đền miếu và kiến trúc quý tộc, biểu trưng cho phong cách sống xa hoa. Đến thời Kamakura và Muromachi, phong cách nội thất trở nên tối giản hơn, phản ánh văn hóa Samurai với các thiết kế phòng trà đơn sơ, thanh tịnh.</p><p>Sau Thế chiến II, Nhật Bản chịu ảnh hưởng phương Tây với các công trình hiện đại bằng bê tông và thép. Ngày nay, phong cách Nhật đã thêm vào nhiều yếu tố hiện đại để đáp ứng nhu cầu sống tiện nghi. Tuy nhiên, nét đẹp văn hóa truyền thống và sự tối giản vẫn được giữ vững, tạo ra không gian sống vừa hiện đại, vừa bình yên, gần gũi với thiên nhiên.</p><h2><strong>5 Nét đặc trưng của nội thất phong cách Nhật Bản</strong></h2><p>Phong cách Nhật không chỉ là một xu hướng thiết kế mà còn là một cách sống, nơi mà mọi yếu tố đều hướng đến sự cân bằng, giản dị. Các không gian sẽ mang đến cho bạn sự thư thái và hòa hợp với thiên nhiên. Dưới đây là những nét đặc trưng nổi bật nhất của phong cách nội thất Nhật Bản.</p><h3><strong>1. Màu sắc đơn giản, trung tính</strong></h3><p>Màu sắc đóng vai trò quan trọng trong việc tạo ra bầu không khí thư giãn cho không gian sống. Phong cách Nhật Bản thường sử dụng các màu trung tính như trắng, xám, be, xanh lá nhạt và nâu đất. Những màu sắc này không chỉ tạo cảm giác nhẹ nhàng, thoáng đãng mà còn giúp không gian trở nên rộng rãi hơn, tạo cảm giác yên bình.</p><p class=\"ql-align-center\">&nbsp;</p><p class=\"ql-align-center\"><img src=\"https://file.hstatic.net/200000065946/file/hat-nhat-ban-su-dung-gam-mau-don-gian_53589b033d98470898caaa3af4e27ee6_grande.jpg\" alt=\"Hình ảnh bài viết\"></p><p class=\"ql-align-center\"><em>Phong cách nội thất Nhật Bản sử dụng gam màu đơn giản</em></p><p class=\"ql-align-center\">&nbsp;</p><h3><strong>2. Sử dụng chất liệu tự nhiên</strong></h3><p>Các vật liệu tự nhiên như gỗ, tre và đá là nền tảng trong thiết kế nội thất Nhật Bản. Nhờ vậy, không gian sống vừa có vẻ đẹp tự nhiên, vừa ấm cúng và mộc mạc.</p><ul><li><strong>Gỗ:</strong>&nbsp;Gỗ được sử dụng cho sàn nhà, tủ, bàn ghế, kệ, gỗ mang lại sự ấm áp và sang trọng.</li><li><strong>Tre:</strong>&nbsp;Là chất liệu nhẹ và bền, tre thường được dùng để làm vách ngăn, giường ngủ.</li><li><strong>Đá:</strong>&nbsp;Đá được sử dụng trong các chi tiết như bàn, ghế và đồ trang trí, mang lại cảm giác mát mẻ, tạo điểm nhấn độc đáo cho không gian.</li></ul><p class=\"ql-align-center\">&nbsp;</p><p class=\"ql-align-center\"><img src=\"https://file.hstatic.net/200000065946/file/noi-that-tu-chat-lieu-tu-nhien_3716ef96294943cb904698a101bbc923_grande.jpg\" alt=\"Hình ảnh bài viết\"></p><p class=\"ql-align-center\"><em>Nội thất từ chất liệu tự nhiên</em></p><p class=\"ql-align-center\">&nbsp;</p><h3><strong>3. Chiếu Tatami – biểu tượng văn hóa Nhật Bản</strong></h3><p>Chiếu Tatami là một trong những yếu tố biểu trưng của phong cách Nhật Bản. Sản phẩm này được làm từ rơm lúa mì, cực kỳ bền và thoáng khí. Không chỉ là nơi ngồi, nghỉ ngơi, chiếu Tatami còn là một điểm nhấn văn hóa, mang lại cảm giác truyền thống ấm cúng. Về màu sắc, chiếu thường có màu be hoặc nâu nhạt, hài hòa với màu sắc không gian tổng thể.</p><p class=\"ql-align-center\">&nbsp;</p><p class=\"ql-align-center\"><img src=\"https://file.hstatic.net/200000065946/file/chieu-tatami-doc-dao_ce7b2cb63ad44d5d94af09ec8b9b91b0_grande.jpg\" alt=\"Hình ảnh bài viết\"></p><p class=\"ql-align-center\"><em>Chiếu Tatami độc đáo</em></p><p class=\"ql-align-center\">&nbsp;</p><h3><strong>4. Bồn tắm Ofuro – Không gian thư giãn</strong></h3><p>Bồn tắm truyền thống Ofuro là một phần quan trọng trong văn hóa Nhật Bản. Bồn tắm được làm từ gỗ hoặc đá, có kích thước nhỏ, chỉ đủ cho một người tắm. Đây không chỉ để tắm rửa mà còn là nơi thư giãn, giúp bạn giải tỏa căng thẳng, tái tạo năng lượng. Chúng thường được đặt trong phòng tắm riêng biệt, tạo cảm giác yên tĩnh, riêng tư và thư giãn.</p><p class=\"ql-align-center\">&nbsp;</p><p class=\"ql-align-center\"><img src=\"https://file.hstatic.net/200000065946/file/su-dung-bon-tam-truyen-thong-ofuro_b59456ed9cfd4805a6aa2de3eb923427_grande.jpg\" alt=\"Hình ảnh bài viết\"></p><p class=\"ql-align-center\"><em>Sử dụng bồn tắm truyền thông Ofuro</em></p><p class=\"ql-align-center\">&nbsp;</p><h3><strong>5. Không gian thiền và sự riêng tư</strong></h3><p>Phong cách nội thất Nhật Bản luôn tạo ra các không gian Zen giúp mang lại cảm giác bình yên, giảm căng thẳng và thư giãn. Đặc biệt, không gian mở và ánh sáng tự nhiên được tận dụng tối đa, giúp không gian sống thêm phần thoáng đãng. Bên cạnh đó, phong cách này cũng rất chú trọng đến sự riêng tư. Nhất là phòng ngủ, không gian được thiết kế kín đáo, giúp bạn nghỉ ngơi, tập trung và thư giãn một cách trọn vẹn.</p><p class=\"ql-align-center\">&nbsp;</p><p class=\"ql-align-center\"><img src=\"https://file.hstatic.net/200000065946/file/khong-gian-thien-yen-tinh_f8426507956d494db67e359cef8fa004_grande.jpg\" alt=\"Hình ảnh bài viết\"></p><p class=\"ql-align-center\"><em>Không gian thiền yên tĩnh</em></p><p class=\"ql-align-center\">&nbsp;</p><h2><strong>Hướng dẫn thiết kế nội thất Nhật Bản cho từng khu vực</strong></h2><p>Phong cách nội thất Nhật Bản mang đến không gian sống hài hòa, tối giản và gần gũi với thiên nhiên. Dưới đây là các gợi ý thiết kế chi tiết cho từng khu vực trong ngôi nhà của bạn theo phong cách Nhật Bản.</p><p><strong>Thiết kế phòng khách:&nbsp;</strong></p><ul><li><strong>Sofa thấp và đệm ngồi</strong>: Bạn nên chọn sofa thấp, đệm ngồi sát sàn để tạo sự gần gũi và thoải mái.</li><li><strong>Bàn trà thấp</strong>: Chọn bàn trà thấp kiểu Nhật Bản.</li><li><strong>Vật liệu tự nhiên</strong>: Sử dụng gỗ, tre và đá cho bàn ghế, trang trí tường để tạo cảm giác ấm cúng.</li><li><strong>Tranh phong cảnh</strong>: Trang trí tường bằng tranh phong cảnh hoặc hoa sen, tạo không khí yên bình.</li></ul><p class=\"ql-align-center\">&nbsp;</p><p class=\"ql-align-center\"><img src=\"https://file.hstatic.net/200000065946/file/thiet-ke-phong-khach-kieu-nhat_9e585046e22d4b3babb1d218eff88a5a_grande.jpg\" alt=\"Hình ảnh bài viết\"></p><p class=\"ql-align-center\">&nbsp;</p><p><strong>Thiết kế phòng bếp và phòng ăn:&nbsp;</strong></p><ul><li><strong>Bếp nấu</strong>: Lựa chọn thiết kế bếp gọn gàng, sạch sẽ.</li><li><strong>Bàn ăn</strong>: Sử dụng bàn ăn thấp, phù hợp với phong cách ngồi bệt. Bạn có thể bố trí thêm cây xanh và bình hoa để tạo cảm giác tươi mới.</li></ul><p class=\"ql-align-center\">&nbsp;</p><p class=\"ql-align-center\"><img src=\"https://file.hstatic.net/200000065946/file/phong-an-kieu-nhat-doc-dao_3d52c8078bc94e96815301c980ab91ea_grande.jpg\" alt=\"Hình ảnh bài viết\"></p><p class=\"ql-align-center\"><em>Phòng ăn kiểu Nhật độc đáo</em></p><p class=\"ql-align-center\">&nbsp;</p><p><strong>Thiết kế phòng ngủ:&nbsp;</strong></p><ul><li><strong>Giường thấp</strong>: Chọn mua giường thấp giúp không gian gần gũi, dễ chịu.</li><li><strong>Trang trí đơn giản</strong>: Đồ nội thất tinh giản, hài hòa giúp tạo không gian gọn gàng và thư giãn.</li><li><strong>Bố trí ánh sáng</strong>: Tạo không gian ấm áp, yên tĩnh với ánh sáng dịu nhẹ.</li></ul><p class=\"ql-align-center\">&nbsp;</p><p class=\"ql-align-center\"><img src=\"https://file.hstatic.net/200000065946/file/mau-phong-ngu-nhat-ban_26716cf88ea8442e80a693d50ed47a03_grande.jpg\" alt=\"Hình ảnh bài viết\"></p><p class=\"ql-align-center\"><em>Mẫu phòng ngủ Nhật Bản</em></p><p class=\"ql-align-center\">&nbsp;</p><h2><strong>+10 mẫu thiết kế nội thất phong cách Nhật Bản&nbsp;</strong></h2><p>Hãy cùng Nội Thất MOHO khám phá 10 mẫu thiết kế nội thất phong cách Nhật Bản. Mang đến cho bạn tâm hồn thư thái và kết nối với thiên nhiên.</p><p>&nbsp;</p><p class=\"ql-align-center\"><img src=\"https://file.hstatic.net/200000065946/file/phong-khach-sofa-thap-go-nhat-ban_eac8c4d151bc4f58a2f372a0287a9fde_grande.jpg\" alt=\"Hình ảnh bài viết\"></p><p class=\"ql-align-center\"><em>Phòng khách sofa thấp gỗ Nhật Bản</em></p><p class=\"ql-align-center\">&nbsp;</p><p class=\"ql-align-center\"><img src=\"https://file.hstatic.net/200000065946/file/mau-phong-ngu-giuong-bet-truyen-thong_3c91a872d805489186cc7ca5eb7a88ab_grande.jpg\" alt=\"Hình ảnh bài viết\"></p><p class=\"ql-align-center\"><em>Mẫu phòng ngủ giường bệt truyền thống</em></p><p class=\"ql-align-center\">&nbsp;</p><p class=\"ql-align-center\"><img src=\"https://file.hstatic.net/200000065946/file/thiet-ke-phong-an-kieu-nhat-ban_a90757ac38134592896e57dc71b0dc22_grande.jpg\" alt=\"Hình ảnh bài viết\"></p><p class=\"ql-align-center\"><em>Thiết kế phòng ăn kiểu Nhật Bản&nbsp;</em></p><p class=\"ql-align-center\">&nbsp;</p><p class=\"ql-align-center\"><img src=\"https://file.hstatic.net/200000065946/file/phong-khach-cua-truot-shoji-san-go_05a33968a7554fa5b7c7af149f2ac096_grande.jpg\" alt=\"Hình ảnh bài viết\"></p><p class=\"ql-align-center\"><em>Phòng khách cửa trượt Shoji sàn gỗ</em></p><p class=\"ql-align-center\">&nbsp;</p><p class=\"ql-align-center\"><img src=\"https://file.hstatic.net/200000065946/file/phong-ngu-mau-sac-trung-tinh_7b9eaa520e2344c485ec8e95a4f0768e_grande.jpg\" alt=\"Hình ảnh bài viết\"></p><p class=\"ql-align-center\"><em>Phòng ngủ màu sắc trung tính</em></p><p class=\"ql-align-center\">&nbsp;</p><p class=\"ql-align-center\"><img src=\"https://file.hstatic.net/200000065946/file/phong-khach-dep-mau-sac-am-ap_698896dcae3847f39ee96264d9004eaa_grande.jpg\" alt=\"Hình ảnh bài viết\"></p><p class=\"ql-align-center\"><em>Phòng khách đẹp, màu sắc ấm áp</em></p><p class=\"ql-align-center\">&nbsp;</p><p class=\"ql-align-center\"><img src=\"https://file.hstatic.net/200000065946/file/sofa-go-nhat-ban_9a2c75adba664f5283d58b154d93c50b_grande.jpg\" alt=\"Hình ảnh bài viết\"></p><p class=\"ql-align-center\"><em>Sofa gỗ Nhật Bản</em></p><p class=\"ql-align-center\">&nbsp;</p><p class=\"ql-align-center\"><img src=\"https://file.hstatic.net/200000065946/file/giuong-bet-truyen-thong_66a10b3db4ff442a8b3744a19ccd2236_grande.jpg\" alt=\"Hình ảnh bài viết\"></p><p class=\"ql-align-center\"><em>Giường bệt truyền thống</em></p><p class=\"ql-align-center\">&nbsp;</p><p class=\"ql-align-center\"><img src=\"https://file.hstatic.net/200000065946/file/mau-phong-ngu-doc-dao-kieu-nhat_db6a4c5b0eb84021ae3c107dd8f88cfd_grande.jpg\" alt=\"Hình ảnh bài viết\"></p><p class=\"ql-align-center\"><em>Mẫu phòng ngủ độc đáo kiểu Nhật&nbsp;</em></p><p class=\"ql-align-center\">&nbsp;</p><p class=\"ql-align-center\"><img src=\"https://file.hstatic.net/200000065946/file/phong-khach-kieu-nhat_61effa2fed7b4bddb3d816dd84622af9_grande.jpg\" alt=\"Hình ảnh bài viết\"></p><p class=\"ql-align-center\"><em>Phòng khách kiểu Nhật</em></p><p class=\"ql-align-center\">&nbsp;</p><p><strong>Phong cách nội thất Nhật Bản</strong>&nbsp;là sự kết hợp hoàn hảo giữa nét đẹp truyền thống và sự tiện nghi hiện đại. Nếu bạn đang tìm kiếm một phong cách độc đáo, mang đến cảm giác thư giãn và gần gũi với thiên nhiên thì đây chính là lựa chọn hoàn hảo. Cùng xem thêm các bài viết trên website của&nbsp;<a href=\"http://moho.com.vn/\" rel=\"noopener noreferrer\" target=\"_blank\" style=\"color: rgb(41, 105, 128);\"><strong>MOHO</strong></a>&nbsp;để tìm hiểu chi tiết về các xu hướng nội thất mới nhất hiện nay nhé.</p><p>&nbsp;</p>', '2024-11-21 13:50:04', 10, 'Đã duyệt'),
(4, '20 Mẫu Thiết Kế Nội Thất Gỗ Óc Chó Sang Trọng, Đẳng Cấp', 'http://localhost:4000/uploads/file_1732197078585.webp', '<ul><li><a href=\"https://moho.com.vn/blogs/media/thiet-ke-noi-that-go-oc-cho#\" rel=\"noopener noreferrer\" target=\"_blank\" style=\"color: rgb(67, 67, 67);\">&nbsp;Media</a></li></ul><p class=\"ql-align-justify\"><a href=\"https://moho.com.vn/blogs/media/thiet-ke-noi-that-go-oc-cho\" rel=\"noopener noreferrer\" target=\"_blank\" style=\"color: rgb(0, 0, 0);\">Thiết kế nội thất gỗ óc chó</a><span style=\"color: rgb(0, 0, 0);\">&nbsp;đang là một xu hướng được nhiều gia đình hiện đại chọn lựa. Bởi vì, những sản phẩm nội thất được làm từ gỗ óc chó toát lên một vẻ đẹp sang trọng và có độ bền ấn tượng. Ngay dưới đây,&nbsp;</span><a href=\"https://moho.com.vn/\" rel=\"noopener noreferrer\" target=\"_blank\" style=\"color: rgb(0, 0, 0);\">MOHO</a><span style=\"color: rgb(0, 0, 0);\">&nbsp;sẽ giới thiệu cho bạn những lợi ích và 20 mẫu thiết kế sang trọng, đẳng cấp nhất 2024.</span></p><h2 class=\"ql-align-justify\"><strong>Lợi ích khi sử dụng gỗ óc chó trong nội thất hiện đại</strong></h2><p class=\"ql-align-justify\">Gỗ óc chó là một loại gỗ được đánh giá cao về độ bền bỉ, cứng và rất chắc chắn. Hiện tại, chất liệu này là sự chọn lựa hàng đầu dành cho mọi phong cách thiết kế nội thất.</p><h3 class=\"ql-align-justify\"><strong>Gỗ óc chó có độ bền vượt trội</strong></h3><p class=\"ql-align-justify\">Gỗ óc chó nổi tiếng trên thị trường với độ bền vượt trội. Chính ưu điểm này đã giúp cho nó trở thành một lựa chọn lý tưởng cho không gian nội thất hiện đại. Nhiều gia đình sử dụng chất liệu này để làm&nbsp;<a href=\"https://moho.com.vn/collections/tu-quan-ao\" rel=\"noopener noreferrer\" target=\"_blank\" style=\"color: rgb(41, 105, 128);\"><strong>tủ quần áo</strong></a>,&nbsp;<a href=\"https://moho.com.vn/collections/giuong-ngu\" rel=\"noopener noreferrer\" target=\"_blank\" style=\"color: rgb(41, 105, 128);\"><strong>giường ngủ</strong></a>,&nbsp;<a href=\"https://moho.com.vn/collections/ban-trang-diem\" rel=\"noopener noreferrer\" target=\"_blank\" style=\"color: rgb(41, 105, 128);\"><strong>bàn trang điểm</strong></a>,&nbsp;<a href=\"https://moho.com.vn/collections/tu-ke\" rel=\"noopener noreferrer\" target=\"_blank\" style=\"color: rgb(41, 105, 128);\"><strong>kệ sách</strong></a>,&nbsp;<a href=\"https://moho.com.vn/collections/tu-ke-tivi\" rel=\"noopener noreferrer\" target=\"_blank\" style=\"color: rgb(41, 105, 128);\"><strong>tủ tivi</strong></a>,...</p><p class=\"ql-align-justify\">Với cấu trúc gỗ chắc chắn và khả năng chịu lực tốt, gỗ óc chó có khả năng chịu được va chạm mạnh. Điều này không chỉ giúp cho bạn tiết kiệm được một khoản chi phí bảo trì. Đồng thời, điều này còn đảm bảo sản phẩm nội thất có tuổi thọ lâu dài, lên đến vài chục năm.</p><p class=\"ql-align-justify\">&nbsp;</p><p class=\"ql-align-center\"><img src=\"https://file.hstatic.net/200000065946/file/hiet-ke-noi-that-go-oc-cho-do-ben-cao_9f49d7c559084960a8bf99e1bb606c71_grande.jpg\" alt=\"Thiết kế nội thất gỗ óc chó độ bền cao\"></p><p class=\"ql-align-center\"><em>Thiết kế nội thất gỗ óc chó độ bền cao</em></p><p class=\"ql-align-justify\">&nbsp;</p><h3 class=\"ql-align-justify\"><strong>Vân gỗ óc chó độc đáo</strong></h3><p class=\"ql-align-justify\">Một trong những điểm nổi bật của gỗ óc chó là vân gỗ độc đáo, có tính thẩm mỹ cao. Những đường vân tự nhiên này sẽ góp phần tạo nên vẻ đẹp sang trọng cho các sản phẩm nội thất. Mỗi đồ dùng nội thất được làm từ chất liệu gỗ óc chó đều mang trong mình một dấu ấn riêng. Chính điểm nhấn này sẽ tạo sự khác biệt cho chính ngôi nhà của bạn.</p><p class=\"ql-align-justify\">&nbsp;</p><p class=\"ql-align-center\"><img src=\"https://file.hstatic.net/200000065946/file/go-oc-cho-doc-dao-tao-diem-nhan-rieng_138ac84c9c334650803262c10f17890b_grande.jpg\" alt=\"Vân gỗ óc chó độc đáo, tạo điểm nhấn riêng\"></p><p class=\"ql-align-center\"><em>Vân gỗ óc chó độc đáo, tạo điểm nhấn riêng</em></p><p class=\"ql-align-justify\">&nbsp;</p><h3 class=\"ql-align-justify\"><strong>Dễ dàng bảo&nbsp;dưỡng</strong></h3><p class=\"ql-align-justify\">Bên cạnh về ưu điểm về tính thẩm mỹ cao và độ bền, lợi ích mà bạn có thể nhận được khi dùng nội thất gỗ óc chó là dễ dàng bảo dưỡng. Bạn chỉ cần lau chùi bề mặt sản phẩm bằng khăn mềm là đã có thể giúp chúng luôn bóng đẹp và sạch sẽ. Thời gian để vệ sinh cũng rất nhanh, giúp bạn tiết kiệm công sức và thời gian đáng kể.</p><h2 class=\"ql-align-justify\"><strong>Tổng hợp các mẫu thiết kế nội thất gỗ óc chó hiện đại đẳng cấp năm 2024</strong></h2><p class=\"ql-align-justify\">Để giúp cho bạn có cái nhìn khách quan hơn về cách mẫu thiết kế nội thất từ chất liệu gỗ óc chó. Ngay dưới đây, MOHO sẽ cung cấp cho bạn những mẫu thiết kế đẳng cấp, hiện đại và đang được nhiều gia đình chọn lựa nhất. Những phong cách độc đáo, cùng với các sản phẩm hiện đại khi được kết hợp cùng với nhau sẽ tạo nên cho bạn không gian sống hoàn hảo.</p><p class=\"ql-align-justify\">&nbsp;</p><p class=\"ql-align-center\"><img src=\"https://file.hstatic.net/200000065946/file/noi-that-phong-khach-go-oc-cho_ab1dbcb1613e49469a7a5f0c453729f7_grande.jpg\" alt=\"Nội thất phòng khách gỗ óc chó\"></p><p class=\"ql-align-center\"><em>Nội thất phòng khách gỗ óc chó&nbsp;</em></p><p class=\"ql-align-center\">&nbsp;</p><p class=\"ql-align-center\"><img src=\"https://file.hstatic.net/200000065946/file/mua-noi-that-go-oc-cho-cho-phong-ngu_320b8bd89e9b499d83c556b2ea275aeb_grande.jpg\" alt=\"Mua nội thất gỗ óc chó cho phòng ngủ\"></p><p class=\"ql-align-center\"><em>Mua nội thất gỗ óc chó cho phòng ngủ</em></p><p class=\"ql-align-center\">&nbsp;</p><p class=\"ql-align-center\"><img src=\"https://file.hstatic.net/200000065946/file/noi-that-phong-an-chat-lieu-go-oc-cho_73299e663af14ca9bb68a80dfd88c74f_grande.jpg\" alt=\"Sản phẩm nội thất phòng ăn chất liệu gỗ óc chó\"></p><p class=\"ql-align-center\"><em>Sản phẩm nội thất phòng ăn chất liệu gỗ óc chó&nbsp;</em></p><p class=\"ql-align-center\">&nbsp;</p><p class=\"ql-align-center\"><img src=\"https://file.hstatic.net/200000065946/file/ke-tivi-go-oc-cho-dep_7dfa223f9c1943bebed97c25f70d090b_grande.jpg\" alt=\"Kệ tivi gỗ óc chó đẹp\"></p><p class=\"ql-align-center\"><em>Kệ tivi gỗ óc chó đẹp&nbsp;</em></p><p class=\"ql-align-center\">&nbsp;</p><p class=\"ql-align-center\"><img src=\"https://file.hstatic.net/200000065946/file/mau-giuong-ngu-go-oc-cho_ff59d0c4a90c4893b85af8bf0d6d164e_grande.jpg\" alt=\"Mẫu giường ngủ gỗ óc chó\"></p><p class=\"ql-align-center\"><em>Mẫu giường ngủ gỗ óc chó</em></p><p class=\"ql-align-center\">&nbsp;</p><p class=\"ql-align-center\"><img src=\"https://file.hstatic.net/200000065946/file/cac-mau-noi-that-go-oc-cho-ben-dep_a085aeb91deb4c5db9d453d1088082f4_grande.jpg\" alt=\"Các mẫu nội thất gỗ óc chó bền đẹp\"></p><p class=\"ql-align-center\"><em>Các mẫu nội thất gỗ óc chó bền đẹp</em></p><p class=\"ql-align-center\">&nbsp;</p><p class=\"ql-align-center\"><img src=\"https://file.hstatic.net/200000065946/file/tu-bep-chat-lieu-go-oc-cho_1a9aa94394724988afa32bc378089cff_grande.jpg\" alt=\"Tủ bếp chất liệu gỗ óc chó\"></p><p class=\"ql-align-center\"><em>Tủ bếp chất liệu gỗ óc chó</em></p><p class=\"ql-align-center\">&nbsp;</p><p class=\"ql-align-center\"><img src=\"https://file.hstatic.net/200000065946/file/van-go-oc-cho-doc-dao_117e4e8cecb4451d804c7cde2e9b13b5_grande.jpg\" alt=\"Vân gỗ óc chó độc đáo\"></p><p class=\"ql-align-center\"><em>Vân gỗ óc chó độc đáo&nbsp;</em></p><p class=\"ql-align-center\">&nbsp;</p><p class=\"ql-align-center\"><img src=\"https://file.hstatic.net/200000065946/file/bo-ban-ghe-sofa-go-oc-cho_d2a12c5d14a748798d05074865f6190e_grande.jpg\" alt=\"Bộ bàn ghế sofa gỗ óc chó\"></p><p class=\"ql-align-center\"><em>Bộ bàn ghế sofa gỗ óc chó&nbsp;</em></p><p class=\"ql-align-center\">&nbsp;</p><p class=\"ql-align-center\"><img src=\"https://file.hstatic.net/200000065946/file/mau-ke-giay-go-oc-cho_26c05cbce542496ab2d973edc3d271bc_grande.jpg\" alt=\"Mẫu kệ giày gỗ óc chó\"></p><p class=\"ql-align-center\"><em>Mẫu kệ giày gỗ óc chó&nbsp;</em></p><p class=\"ql-align-center\">&nbsp;</p><p class=\"ql-align-center\"><img src=\"https://file.hstatic.net/200000065946/file/do-noi-that-go-oc-cho-kieu-co-dien_3154d7b6882b4e3a932475ee780fffad_grande.jpg\" alt=\"Đồ nội thất gỗ óc chó kiểu cổ điển\"></p><p class=\"ql-align-center\"><em>Đồ nội thất gỗ óc chó kiểu cổ điển&nbsp;</em></p><p class=\"ql-align-center\">&nbsp;</p><p class=\"ql-align-center\"><img src=\"https://file.hstatic.net/200000065946/file/noi-that-phong-ngu-go-oc-cho_e3e2cf170c5e466c89bedeab0ff6ff89_grande.jpg\" alt=\"Nội thất phòng ngủ gỗ óc chó\"></p><p class=\"ql-align-center\"><em>Nội thất phòng ngủ gỗ óc chó</em></p><p class=\"ql-align-center\">&nbsp;</p><p class=\"ql-align-center\"><img src=\"https://file.hstatic.net/200000065946/file/do-noi-that-lam-tu-go-oc-cho_ee8eb93d32a44c15919ddf80a18d53ba_grande.jpg\" alt=\"Đồ nội thất làm từ gỗ óc chó\"></p><p class=\"ql-align-center\"><em>Đồ nội thất làm từ gỗ óc chó&nbsp;</em></p><p class=\"ql-align-center\">&nbsp;</p><p class=\"ql-align-center\"><img src=\"https://file.hstatic.net/200000065946/file/ban-ghe-go-oc-cho_211d4a97a4a64092a6c21b0a8f341355_grande.jpg\" alt=\"Bàn ghế gỗ óc chó\"></p><p class=\"ql-align-center\"><em>Bàn ghế gỗ óc chó</em></p><p class=\"ql-align-center\">&nbsp;</p><p class=\"ql-align-center\"><img src=\"https://file.hstatic.net/200000065946/file/lot-san-tu-go-oc-cho_7612e88888e94d589c3ee0c7b1a9eeaf_grande.jpg\" alt=\"Bàn ghế gỗ óc chó\"></p><p class=\"ql-align-center\"><em>Lót sàn từ gỗ óc chó</em></p><p class=\"ql-align-justify\">&nbsp;</p><h2 class=\"ql-align-justify\"><strong>Báo giá nội thất gỗ óc chó</strong></h2><p class=\"ql-align-justify\">Tuỳ vào sản phẩm của bạn chọn là đồ dùng nội thất gì, thì sẽ có những mức giá khác nhau. Hiện nay, giá thiết kế nội thất óc chó khá đắt, dao động từ trong khoảng 20 - 50 triệu/m3.&nbsp;</p><p class=\"ql-align-justify\">Mức giá thi công cao hay thấp sẽ phụ thuộc vào nhiều yếu tố khác nhau như chất lượng, khâu chế tác, nguồn gốc gỗ, đơn vị cung cấp,... So với những loại gỗ khác như gỗ&nbsp;sồi, gỗ tràm, gỗ đỏ, gỗ&nbsp;thông&nbsp;thì sản phẩm làm từ gỗ óc chó sẽ có giá thành cao hơn. Sở dĩ những mẫu nội thất được làm từ chất liệu này có giá thành cao đến như vậy, vì gỗ óc chó được nhập khẩu trực tiếp từ nước ngoài.</p><p class=\"ql-align-justify\">&nbsp;</p><p class=\"ql-align-center\"><img src=\"https://file.hstatic.net/200000065946/file/bao-gia-noi-that-go-oc-cho_60847b4582a544908f04af0c12ae44f6_grande.jpg\" alt=\"Báo giá nội thất gỗ óc chó\"></p><p class=\"ql-align-center\"><em>Báo giá nội thất gỗ óc chó</em></p><p class=\"ql-align-justify\">&nbsp;</p><h2 class=\"ql-align-justify\"><strong>Những câu hỏi thường gặp khi mua nội thất gỗ óc chó</strong></h2><p class=\"ql-align-justify\"><strong>1. Cách để chọn mua được gỗ óc chó chính hãng, chất lượng?</strong></p><p class=\"ql-align-justify\">Cách tốt nhất để có thể chọn mua sản phẩm nội thất gỗ óc chó chất lượng đó là chọn lựa một đơn vị uy tín, có kinh nghiệm lâu năm. Hiện nay, có rất nhiều đơn vị cố tình làm giả loại gỗ này để lừa tiền của người tiêu dùng.</p><p class=\"ql-align-justify\"><strong>2. Làm thế nào để phân biệt vân gỗ óc chó thật và giả?</strong></p><p class=\"ql-align-justify\">Gỗ óc chó thật có vân gỗ tự nhiên không đều và độc đáo, có độ nổi rõ khi sờ tay. Gỗ giả thường có vân đều đặn, lặp lại theo mẫu do được in hoặc dán decal.</p><p class=\"ql-align-justify\"><strong>3. Có nên sử dụng gỗ óc chó cho toàn bộ nội thất không?</strong></p><p class=\"ql-align-justify\">Việc sử dụng gỗ óc chó cho toàn bộ nội thất cần được cân nhắc kỹ lưỡng. Mặc dù gỗ óc chó mang lại vẻ đẹp sang trọng, việc sử dụng quá nhiều có thể tạo cảm giác nặng nề và thiếu điểm nhấn. Thay vào đó, nên sử dụng gỗ óc chó cho một số món đồ chính như bàn ăn, tủ kệ lớn hay sàn nhà, sau đó kết hợp với các chất liệu khác như kim loại, kính, vải để tạo sự cân bằng cho không gian.</p><p class=\"ql-align-justify\">&nbsp;</p><p class=\"ql-align-justify\">Hy vọng rằng với những mẫu&nbsp;<strong>thiết kế nội thất gỗ óc chó&nbsp;</strong>ấn tượng và phù hợp với mọi phong cách nội thất ở trên đây sẽ giúp bạn có sự chọn lựa phù hợp. Trong quá trình chọn mua bạn cần tìm cho mình đơn vị uy tín để chuẩn chỉnh trong mọi khâu. Để biết thêm các vấn đề khác khi thiết kế, bạn hãy liên hệ ngay cho&nbsp;<a href=\"https://moho.com.vn/\" rel=\"noopener noreferrer\" target=\"_blank\" style=\"color: rgb(41, 105, 128);\"><strong>MOHO</strong></a>&nbsp;để nhận tư vấn tận tình nhé!</p><p><br></p>', '2024-11-21 13:51:19', 7, 'Đã duyệt');
INSERT INTO `tin_tuc` (`id`, `tieu_de`, `hinh_anh`, `noi_dung`, `ngay_dang`, `luot_xem`, `trang_thai`) VALUES
(5, 'Tìm hiểu về 4 loại kính bàn ăn đẹp cho không gian phòng ăn', 'http://localhost:4000/uploads/file_1732197144939.webp', '<p><a href=\"https://moho.com.vn/blogs/media/kinh-ban-an\" rel=\"noopener noreferrer\" target=\"_blank\" style=\"color: rgb(0, 0, 0);\">Kính bàn ăn</a><span style=\"color: rgb(0, 0, 0);\">&nbsp;- một món đồ nội thất không thể thiếu để tạo nên không gian bếp hiện đại, sang trọng và đầy cá tính. Bạn đang phân vân lựa chọn loại kính bàn ăn phù hợp với phong cách của mình? Cùng đồng hành với&nbsp;</span><a href=\"https://moho.com.vn/\" rel=\"noopener noreferrer\" target=\"_blank\" style=\"color: rgb(0, 0, 0);\">Nội Thất MOHO</a><span style=\"color: rgb(0, 0, 0);\">&nbsp;trong bài viết này, chúng tôi sẽ cung cấp những thông tin hữu ích nhất để bạn đưa ra quyết định chính xác.</span><strong>Ưu điểm của của kính bàn ăn</strong>Việc lựa chọn chất liệu cho mặt bàn ăn đóng vai trò quan trọng, ảnh hưởng đến tính thẩm mỹ và độ bền của không gian. Và kính bàn ăn với những lợi ích vượt trội, đang là lựa chọn hàng đầu của nhiều gia đình hiện nay.<strong>1. Chất liệu kính có độ bền cao, chống trầy xước</strong>Kính bàn ăn, đặc biệt là kính cường lực, được tôi luyện ở nhiệt độ cao, mang đến độ bền vượt trội. Nó có khả năng chịu lực va đập mạnh, chống trầy xước, giúp bạn yên tâm sử dụng lâu dài. Bạn có thể thoải mái đặt đồ nóng, đồ nặng lên mặt bàn mà không sợ kính bị nứt vỡ. Điều này giúp tiết kiệm chi phí thay thế mặt bàn, đồng thời đảm bảo tính thẩm mỹ cho không gian bếp trong nhiều năm.&nbsp;<img src=\"https://file.hstatic.net/200000065946/file/kinh-ban-an-co-do-ben-tot_47b4210d56314b16b1220c8616ec129b_grande.jpg\" alt=\"Hình ảnh bài viết\"><em>Kính bàn ăn có độ bền tốt</em>&nbsp;<strong>2. Mặt kính dễ lau chùi, vệ sinh</strong>Kính không bị ảnh hưởng bởi nước, bạn có thể dễ dàng lau chùi, vệ sinh mặt bàn bằng khăn ẩm. Ngoài ra, chất liệu còn không bị bám bẩn, nấm mốc, giúp bạn tiết kiệm thời gian và công sức lau chùi. Bề mặt kính nhẵn bóng, dễ dàng loại bỏ vết bẩn, thức ăn rơi vãi, giúp bạn giữ cho bàn ăn luôn sạch sẽ, sáng bóng, tạo cảm giác thoải mái cho gia đình.<strong>3. Mẫu bàn an toàn cho sức khỏe, bảo vệ môi trường</strong>Chất liệu kính có ưu điểm là không chứa hóa chất độc hại, an toàn cho sức khỏe của bạn và gia đình. Đây là vật liệu thân thiện môi trường, dễ dàng tái chế, góp phần bảo vệ môi trường sống. Bạn có thể yên tâm sử dụng kính bàn ăn trong thời gian lâu dài.&nbsp;<img src=\"https://file.hstatic.net/200000065946/file/chat-lieu-kinh-an-toan-cho-suc-khoe_53a236b2e7e84660952220fa2fb43a77_grande.jpg\" alt=\"Hình ảnh bài viết\"><em>Chất liệu kính an toàn cho sức khỏe</em>&nbsp;<strong>4. Tăng thẩm mỹ, tạo điểm nhấn cho không gian bếp</strong>Kính bàn ăn mang đến vẻ đẹp tinh tế, sang trọng, hiện đại cho không gian bếp. Với sự đa dạng về màu sắc, kiểu dáng, bạn có thể dễ dàng kết hợp với các phong cách thiết kế nội thất khác nhau. Các mẫu bàn kính màu trắng, đen, xám sẽ tạo nên sự thanh lịch, tinh tế cho không gian bếp. Ngoài ra, chất liệu này còn phản chiếu ánh sáng, giúp không gian bếp trông rộng rãi, thoáng đãng hơn.&nbsp;<img src=\"https://file.hstatic.net/200000065946/file/mau-ban-an-kinh-sang-trong_4c6da83cf3d64c9c885cb1d219b75a20_grande.jpg\" alt=\"Hình ảnh bài viết\"><em>Mẫu bàn ăn kính sang trọng</em>&nbsp;<strong>4 loại kính bàn ăn phổ biến</strong>Để lựa chọn kính bàn ăn phù hợp với nhu cầu và phong cách của mình, bạn cần hiểu rõ về các loại kính phổ biến trên thị trường. Dưới đây là phân loại 4 loại kính được sử dụng nhiều nhất trong các&nbsp;<a href=\"https://moho.com.vn/collections/phong-an\" rel=\"noopener noreferrer\" target=\"_blank\" style=\"color: rgb(41, 105, 128);\"><strong>phòng ăn</strong></a>&nbsp;gia đình hiện nay.<strong>1. Kính cường lực</strong>Kính cường lực được tôi luyện ở nhiệt độ cao, tạo nên cấu trúc chắc chắn, chịu lực tốt, chống va đập mạnh, an toàn cho người sử dụng. Chúng có khả năng chịu lực va đập gấp 4-5 lần so với kính thường, chống trầy xước hiệu quả. Do vậy, bạn có thể yên tâm sử dụng lâu dài mà không lo bị hư hại.&nbsp;Tuy nhiên, giá thành của kính cường lực cao hơn kính thường và khó gia công sau khi tôi luyện. Sản phẩm thường được sử dụng cho bàn ăn gia đình bởi khả năng chịu lực tốt, chống va đập mạnh, đảm bảo an toàn cho người sử dụng.&nbsp;<img src=\"https://file.hstatic.net/200000065946/file/an-kinh-cuong-luc-an-toan-khi-su-dung_4deb310dcdb04b6f9e6c2835c9ccae90_grande.jpg\" alt=\"Hình ảnh bài viết\"><em>Bàn kính cường lực an toàn khi sử dụng</em>&nbsp;<strong>2. Kính thường tiết kiệm chi phí</strong>Kính thường là loại kính thông dụng, có giá thành rẻ hơn kính cường lực, nhưng độ bền kém hơn, dễ bị vỡ khi va đập. Loại này dễ dàng cắt, mài, khoan, phù hợp với nhiều kiểu dáng thiết kế. Tuy nhiên, chất liệu kính thường dễ bị vỡ thành những mảnh lớn, sắc nhọn, dễ gây thương tích. Do đó, chất liệu này chỉ phù hợp để sử dụng cho bàn ăn có kích thước nhỏ, ít sử dụng, hoặc dùng để trang trí không gian.&nbsp;<img src=\"https://file.hstatic.net/200000065946/file/oai-ban-kinh-thuong-tiet-kiem-chi-phi_2a7c9410f80d4de5b5de7d5de48d064f_grande.jpg\" alt=\"Hình ảnh bài viết\"><em>Loại bàn kính thường tiết kiệm chi phí</em>&nbsp;<strong>3. Mặt bàn kính màu</strong>Kính màu mang đến vẻ đẹp độc đáo, tạo điểm nhấn cho bàn ăn, giúp không gian bếp thêm phần rực rỡ. Loại này dễ dàng kết hợp với các màu sắc khác trong không gian bếp, tạo nên sự hài hòa, ấn tượng. Tuy nhiên, độ bền của kính màu tương tự kính thường, dễ bị vỡ khi va đập, và khó gia công hơn kính thường. Bạn có thể lựa chọn kính màu phù hợp với màu sắc chủ đạo của bếp cho không gian thêm sang trọng, ấm áp.&nbsp;<img src=\"https://file.hstatic.net/200000065946/file/mat-ban-kinh-mau_f448ee8c4b3b45d39db793d1fda703bb_grande.jpg\" alt=\"Hình ảnh bài viết\"><em>Mặt bàn kính màu</em>&nbsp;<strong>4. Kính hoa văn cho bàn ăn</strong>Kính hoa văn là loại kính được trang trí bằng các họa tiết hoa văn độc đáo, mang đến nét đẹp riêng biệt, thu hút cho bàn ăn. Các họa tiết hoa văn đa dạng, phong phú, giúp bạn tạo điểm nhấn riêng cho không gian bếp của mình. Tuy nhiên, một số loại sẽ có họa tiết nổi, khó vệ sinh hơn kính thường và thường có giá thành cao. Bạn có thể lựa chọn kính hoa văn theo phong cách hiện đại, cổ điển, tân cổ điển, hoặc theo sở thích cá nhân của mình.&nbsp;&nbsp;<img src=\"https://file.hstatic.net/200000065946/file/mat-ban-kinh-hoa-van_ab850596e3ed4101b284bc6bcffec772_grande.jpg\" alt=\"Hình ảnh bài viết\"><em>Mặt bàn kính hoa văn&nbsp;</em>&nbsp;<strong>Những lưu ý khi sử dụng kính bàn ăn</strong>Kính bàn ăn mang đến vẻ đẹp sang trọng và hiện đại cho không gian bếp. Để giữ cho mặt bàn luôn sáng bóng, bền đẹp và an toàn, bạn cần lưu ý những điều sau:<strong>1. Vệ sinh kính thường xuyên</strong>: Kính bàn ăn thường xuyên tiếp xúc với thức ăn, nước uống, dễ bị bám bẩn, nấm mốc. Do vậy, bạn nên vệ sinh kính thường xuyên bằng khăn ẩm hoặc nước rửa chén nhẹ nhàng. Tránh sử dụng các chất tẩy rửa mạnh, có tính axit, có thể làm hỏng bề mặt kính.<strong>2. Không sử dụng vật cứng để lau chùi</strong>: Sử dụng vật cứng, nhám để lau chùi kính dễ làm trầy xước bề mặt kính, làm mất đi vẻ đẹp thẩm mỹ của bàn ăn. Do vậy, bạn chỉ nên sử dụng khăn, bông lau mềm hoặc miếng bọt biển để lau chùi kính.<strong>3. Nên sử dụng tấm lót</strong>: Sử dụng tấm lót bằng chất liệu mềm như silicon, vải, nỉ… để bảo vệ kính khỏi bị trầy xước, đặc biệt khi đặt đồ nóng lên bàn ăn.&nbsp;<strong>4. Lưu ý khi sử dụng kính màu</strong>: Kính màu dễ bị phai màu khi tiếp xúc trực tiếp với ánh nắng mặt trời. Vậy nên, bạn chỉ cần đặt bàn ăn ở nơi có ánh sáng tự nhiên vừa đủ, tránh ánh nắng trực tiếp chiếu vào mặt kính.<strong>5. Kiểm tra định kỳ</strong>: Hãy kiểm tra mặt kính định kỳ để phát hiện những vết nứt, vỡ, trầy xước. Nếu phát hiện bất kỳ hư hỏng nào, bạn cần liên hệ với đơn vị cung cấp kính để được sửa chữa hoặc thay thế.&nbsp;<strong>Kính bàn ăn</strong>&nbsp;ngày càng được ưa chuộng bởi những ưu điểm vượt trội về độ bền, thẩm mỹ, an toàn và sự đa dạng về kiểu dáng, màu sắc. Sản phẩm này sẽ giúp bạn tạo nên một không gian bếp đẹp, sang trọng. Mong rằng những thông tin trên sẽ giúp bạn lựa chọn kính cho bàn ăn phù hợp nhất với nhu cầu. Hãy đồng hành cùng&nbsp;<a href=\"https://moho.com.vn/\" rel=\"noopener noreferrer\" target=\"_blank\" style=\"color: rgb(41, 105, 128);\"><strong>Nội Thất MOHO</strong></a>&nbsp;để kiến tạo nên một không gian bếp hoàn hảo nhé!</p>', '2024-11-21 19:51:44', 112, 'Đã duyệt'),
(6, 'Top 10 mẫu bàn console hiện đại, chất lượng, giá tốt năm 2024', 'http://localhost:4000/uploads/file_1732197831712.webp', '<ul><li><a href=\"https://moho.com.vn/blogs/media/ban-console#\" rel=\"noopener noreferrer\" target=\"_blank\" style=\"color: rgb(67, 67, 67);\">&nbsp;Media</a></li></ul><p class=\"ql-align-justify\"><span style=\"color: rgb(0, 0, 0);\">Bạn đang tìm kiếm giải pháp để làm mới cho không gian sống của mình? Một chiếc&nbsp;</span><a href=\"https://moho.com.vn/blogs/media/ban-console\" rel=\"noopener noreferrer\" target=\"_blank\" style=\"color: rgb(0, 0, 0);\">bàn console</a><span style=\"color: rgb(0, 0, 0);\">&nbsp;là lựa chọn hoàn hảo, giúp biến hóa ngôi nhà trở nên hiện đại và sang trọng hơn. Dù là phòng khách, phòng ngủ hay hành lang, sản phẩm đều sẽ tạo điểm nhấn ấn tượng. Cùng&nbsp;</span><a href=\"https://moho.com.vn/\" rel=\"noopener noreferrer\" target=\"_blank\" style=\"color: rgb(0, 0, 0);\">Nội Thất MOHO</a><span style=\"color: rgb(0, 0, 0);\">&nbsp;khám phá 10 mẫu bàn console đẹp, được ưa chuộng năm 2024.</span></p><h2 class=\"ql-align-justify\"><strong>Tìm hiểu về bàn console&nbsp;</strong></h2><p class=\"ql-align-justify\">Bàn console là một loại bàn nhỏ gọn, thường được đặt ở những vị trí như hành lang,&nbsp;<a href=\"https://moho.com.vn/collections/phong-khach\" rel=\"noopener noreferrer\" target=\"_blank\" style=\"color: rgb(41, 105, 128);\"><strong>phòng khách</strong></a>,&nbsp;<a href=\"https://moho.com.vn/collections/phong-ngu\" rel=\"noopener noreferrer\" target=\"_blank\" style=\"color: rgb(41, 105, 128);\"><strong>phòng ngủ</strong></a>&nbsp;hoặc lối vào. Với thiết kế độc đáo, chúng giúp tăng tính thẩm mỹ cho ngôi nhà mà không chiếm quá nhiều diện tích. Ngoài ra, sản phẩm còn có thể dùng để lưu trữ các vật dụng nhỏ như chìa khóa, túi xách hoặc để những món đồ trang trí như đèn, lọ hoa, khung ảnh,... Trong trang trí nội thất, bàn chất liệu gỗ hoặc kim loại là phổ biến nhất, làm nổi bật phong cách sống của gia chủ.&nbsp;</p><p class=\"ql-align-justify\">&nbsp;</p><p class=\"ql-align-center\"><img src=\"https://file.hstatic.net/200000065946/file/tim-hieu-cac-mau-ban-console_10e94734f8fe49c796e674902c2ef91c_grande.jpg\" alt=\"Tìm hiểu các mẫu bàn console\"></p><p class=\"ql-align-center\"><em>Tìm hiểu các mẫu bàn console</em></p><p class=\"ql-align-justify\">&nbsp;</p><h2 class=\"ql-align-justify\"><strong>Cách chọn mua bàn console phù hợp với không gian sống</strong></h2><p class=\"ql-align-justify\">Khi trang trí nhà cửa, việc lựa chọn một chiếc&nbsp;<strong>kệ console</strong>&nbsp;phù hợp với không gian sống là điều vô cùng quan trọng. Tuy nhiên, để chọn được một sản phẩm hoàn hảo, bạn cần xem xét kỹ lưỡng về kích thước, vật liệu và phong cách thiết kế. Đoạn dưới đây, Nội Thất MOHO sẽ cung cấp cho bạn những thông tin hữu ích để giúp việc lựa chọn trở nên dễ dàng hơn.</p><h3 class=\"ql-align-justify\"><strong>Xem xét kích thước tiêu chuẩn phù hợp với không gian</strong></h3><p class=\"ql-align-justify\">Trước khi mua kệ console, bạn cần xác định rõ kích thước không gian mà bạn định đặt bàn. Trên thị trường, chiều cao tiêu chuẩn của bàn trong khoảng 75-90 cm. Một thiết kế nhỏ gọn sẽ phù hợp với những không gian hạn chế như lối vào hoặc hành lang. Còn nếu bạn muốn tạo sự sang trọng hơn cho phòng khách, hãy chọn một mẫu bàn dài và cao hơn. Chẳng hạn như bàn gỗ công nghiệp với kiểu dáng hiện đại nhưng vẫn đảm bảo sự chắc chắn.&nbsp;</p><p class=\"ql-align-justify\">&nbsp;</p><p class=\"ql-align-center\"><img src=\"https://file.hstatic.net/200000065946/file/uoc-tieu-chuan-phu-hop-voi-khong-gian_4888b0f8e15344dfbccbc27620401437_grande.jpg\" alt=\"Xem xét kích thước tiêu chuẩn phù hợp với không gian\"></p><p class=\"ql-align-center\"><em>Xem xét kích thước tiêu chuẩn phù hợp với không gian</em></p><p class=\"ql-align-justify\">&nbsp;</p><h3 class=\"ql-align-justify\"><strong>Chọn vật liệu theo phong cách nội thất</strong></h3><p class=\"ql-align-justify\">Bàn console được làm từ nhiều loại vật liệu khác nhau, đáp ứng mọi nhu cầu của người dùng. Một số chất liệu phổ biến mà bạn có thể tham khảo bao gồm:</p><ul><li class=\"ql-align-justify\"><strong>Bàn console gỗ tự nhiên</strong>: Vật liệu gỗ tự nhiên luôn mang lại vẻ đẹp gần gũi và ấm cúng. Sản phẩm được nhiều người ưa chuộng năm 2024, mang đến không gian nội thất hiện đại.</li><li class=\"ql-align-justify\"><strong>Bàn console mặt đá</strong>: Với vẻ ngoài sang trọng của đá cẩm thạch kết hợp với khung kim loại, bạn sẽ tạo nên không gian sống đẳng cấp hơn.</li><li class=\"ql-align-justify\"><strong>Bàn console kính</strong>: Thiết kế bàn mặt kính giúp không gian trở nên thoáng đãng, hiện đại, phù hợp với những ngôi nhà có thiết kế mở.</li></ul><h2 class=\"ql-align-justify\"><strong>Top 10 mẫu bàn console được yêu thích nhất hiện nay</strong></h2><p class=\"ql-align-justify\">Với sự phát triển không ngừng của ngành thiết kế nội thất, bàn console đã trở thành một trong những món đồ được yêu thích nhiều nhất. Dưới đây là top 10 mẫu sản phẩm được yêu thích nhất hiện nay, đảm bảo sẽ mang đến nét riêng cho ngôi nhà bạn.</p><h3 class=\"ql-align-justify\"><strong>1. Mẫu bàn gỗ tự nhiên sang trọng</strong></h3><p class=\"ql-align-justify\">Bàn console gỗ tự nhiên luôn là lựa chọn hàng đầu cho những ai muốn có không gian sống ấm áp, gần gũi. Với vân gỗ tự nhiên và lớp hoàn thiện mượt mà, mẫu bàn sẽ tạo nên một điểm nhấn đặc biệt. Đặc biệt, chất liệu này có độ bền cao, chịu lực tốt, tuổi thọ cao, là sự lựa chọn cho nhiều gia đình.</p><p class=\"ql-align-justify\">&nbsp;&nbsp;&nbsp;⇒&nbsp;<a href=\"https://moho.com.vn/collections/ban-sofa-ban-cafe-ban-tra\" rel=\"noopener noreferrer\" target=\"_blank\" style=\"color: rgb(41, 105, 128);\"><strong>Bộ Sưu Tập&nbsp;Bàn Sofa – Bàn Cafe – Bàn Trà Bằng Gỗ Tự Nhiên Sang Trọng</strong></a></p><p class=\"ql-align-center\"><img src=\"https://file.hstatic.net/200000065946/file/ban-go-tu-nhien-sang-trong_2558371cb2504fe2b1886f87c1a0a39f_grande.jpg\" alt=\"Bàn gỗ tự nhiên sang trọng\"></p><p class=\"ql-align-center\"><em>Bàn gỗ tự nhiên sang trọng</em></p><p class=\"ql-align-justify\">&nbsp;</p><h3 class=\"ql-align-justify\"><strong>2. Thiết kế bàn console kiểu tân cổ điển cao cấp</strong></h3><p class=\"ql-align-justify\">Nếu bạn muốn tạo nên sự quý phái và sang trọng cho ngôi nhà, các mẫu bàn phong cách tân cổ điển sẽ là lựa chọn không thể bỏ qua. Với thiết kế chi tiết chạm khắc tinh xảo, loại này sẽ phù hợp với những không gian nội thất cao cấp.</p><p class=\"ql-align-justify\">&nbsp;</p><p class=\"ql-align-center\"><img src=\"https://file.hstatic.net/200000065946/file/mau-tu-phong-cach-tan-co-dien_85bbadb60895488ab2b32862db80a6ad_grande.jpg\" alt=\"Mẫu tủ phong cách tân cổ điển\"></p><p class=\"ql-align-center\"><em>Mẫu tủ phong cách tân cổ điển</em></p><p class=\"ql-align-justify\">&nbsp;</p><h3 class=\"ql-align-justify\"><strong>3. Bàn console mặt kính hiện đại</strong></h3><p class=\"ql-align-justify\">Những ai yêu thích sự hiện đại và tối giản chắc chắn sẽ bị thu hút bởi mẫu bàn mặt kính. Thiết kế thanh mảnh với mặt kính trong suốt giúp không gian trở nên rộng rãi và thoáng đãng hơn. Sản phẩm không chỉ mang đến vẻ đẹp tinh tế mà còn dễ dàng kết hợp với nhiều phong cách trang trí khác nhau.</p><p class=\"ql-align-justify\">&nbsp;</p><p class=\"ql-align-center\"><img src=\"https://file.hstatic.net/200000065946/file/ban-mat-kinh-hien-dai_d2819e69a19b43fbaa14fd7fccb428d3_grande.jpg\" alt=\"Bàn mặt kính hiện đại\"></p><p class=\"ql-align-center\"><em>Bàn mặt kính hiện đại</em></p><p class=\"ql-align-justify\">&nbsp;</p><h3 class=\"ql-align-justify\"><strong>4. Bàn gỗ công nghiệp đa năng</strong></h3><p class=\"ql-align-justify\">Bàn console gỗ công nghiệp không chỉ có thiết kế hiện đại mà còn vô cùng đa năng. Với nhiều ngăn kéo và kệ dưới, mẫu bàn này giúp bạn dễ dàng lưu trữ đồ đạc một cách tiện lợi, giữ cho không gian luôn gọn gàng. Ngoài ra, sản phẩm còn phù hợp cho nhiều phong cách nội thất khác nhau, từ hiện đại đến cổ điển.</p><p class=\"ql-align-justify\">&nbsp;</p><p class=\"ql-align-center\"><img src=\"https://file.hstatic.net/200000065946/file/tu-console-go-cong-nghiep-da-nang_5d834b662c7e42cda679faa62c1e81f3_grande.jpg\" alt=\"Tủ console gỗ công nghiệp đa năng\"></p><p class=\"ql-align-center\"><em>Tủ console gỗ công nghiệp đa năng</em></p><p class=\"ql-align-justify\">&nbsp;</p><h3 class=\"ql-align-justify\"><strong>5. Tủ console phong cách Bắc Âu</strong></h3><p class=\"ql-align-justify\">Bàn console phong cách Bắc Âu nổi bật với thiết kế tối giản nhưng vẫn đầy tinh tế. Với màu sắc trung tính, kiểu dáng nhẹ nhàng. Mẫu bàn này trở thành lựa chọn lý tưởng cho nhiều gia đình trong năm 2024.</p><p class=\"ql-align-justify\">&nbsp;&nbsp;&nbsp;&nbsp;⇒&nbsp;<a href=\"https://moho.com.vn/collections/bo-suu-tap-moi\" rel=\"noopener noreferrer\" target=\"_blank\" style=\"color: rgb(41, 105, 128);\"><strong>Bộ sưu tập Nội thất Phong cách Bắc Âu</strong></a></p><p class=\"ql-align-center\"><img src=\"https://file.hstatic.net/200000065946/file/ban-phong-cach-bac-au_ab66942c7a0c44e78930e04758ae09b5_grande.jpg\" alt=\"Bàn phong cách Bắc Âu\"></p><p class=\"ql-align-center\"><em>Bàn phong cách Bắc Âu</em></p><p class=\"ql-align-justify\">&nbsp;</p><h3 class=\"ql-align-justify\"><strong>6. Kệ console mặt đá cẩm thạch</strong></h3><p class=\"ql-align-justify\">Kệ console mặt đá cẩm thạch nổi bật với vẻ ngoài sang trọng và đẳng cấp. Chúng không chỉ có độ bóng bẩy, đẹp mắt mà còn khả năng chịu lực tốt, độ bền cao và dễ dàng vệ sinh. Sự kết hợp giữa mặt đá và khung kim loại tạo nên một tổng thể vừa hiện đại vừa tinh tế, là điểm nhấn hoàn hảo cho phòng khách.</p><p class=\"ql-align-justify\">&nbsp;</p><p class=\"ql-align-center\"><img src=\"https://file.hstatic.net/200000065946/file/ke-mat-da-cam-thach_51c62f4f06e843ab8ab7818918081c18_grande.jpg\" alt=\"Kệ mặt đá cẩm thạch\"></p><p class=\"ql-align-center\"><em>Kệ mặt đá cẩm thạch</em></p><p class=\"ql-align-justify\">&nbsp;</p><h3 class=\"ql-align-justify\"><strong>7. Bàn console kết hợp gỗ và kim loại</strong></h3><p class=\"ql-align-justify\">Sự kết hợp giữa gỗ và kim loại trong thiết kế bàn console mang đến vẻ đẹp hiện đại nhưng không kém phần tinh tế. Gỗ tự nhiên hoặc gỗ công nghiệp mang đến cảm giác ấm áp, trong khi khung kim loại tạo độ bền vững. Mẫu bàn này phù hợp cho nhiều phong cách nội thất khác nhau, từ công nghiệp đến hiện đại.&nbsp;</p><p class=\"ql-align-justify\">&nbsp;</p><p class=\"ql-align-center\"><img src=\"https://file.hstatic.net/200000065946/file/thiet-ke-ban-phong-cach-cong-nghiep_5560cba8ed034d8e8f6043ce67fe0b19_grande.jpg\" alt=\"Thiết kế bàn phong cách công nghiệp\"></p><p class=\"ql-align-center\"><em>Thiết kế bàn phong cách công nghiệp</em></p><p class=\"ql-align-justify\">&nbsp;</p><h3 class=\"ql-align-justify\"><strong>8. Mẫu bàn phong cách vintage độc đáo</strong></h3><p class=\"ql-align-justify\">Mẫu bàn console phong cách vintage là món đồ nội thất lý tưởng cho những ai muốn mang hơi thở hoài cổ vào không gian sống. Sản phẩm nổi bật với các chi tiết hoa văn độc đáo, màu sắc nhã nhặn.</p><p class=\"ql-align-justify\">&nbsp;</p><p class=\"ql-align-center\"><img src=\"https://file.hstatic.net/200000065946/file/ban-phong-cach-vintage_5ecae1b8e4ab44e4b6ff9fc091f33e83_grande.jpg\" alt=\"Bàn phong cách vintage\"></p><p class=\"ql-align-center\"><em>Bàn phong cách vintage</em></p><p class=\"ql-align-justify\">&nbsp;</p><h3 class=\"ql-align-justify\"><strong>9. Kệ console đèn led hiện đại</strong></h3><p class=\"ql-align-justify\">Kệ console đèn LED là lựa chọn độc đáo cho những ai muốn mang đến một chút phá cách cho không gian sống. Với hệ thống đèn LED tích hợp dưới mặt kệ, sản phẩm sẽ có hiệu ứng ánh sáng đẹp mắt vào buổi tối. Đây là sản phẩm lý tưởng cho những ngôi nhà hiện đại, đặc biệt là các không gian có thiết kế công nghệ cao.</p><p class=\"ql-align-justify\">&nbsp;</p><p class=\"ql-align-center\"><img src=\"https://file.hstatic.net/200000065946/file/ke-tu-console-den-led-dep_928a383b22c44ed3afca00a1bda34e16_grande.jpg\" alt=\"Kệ tủ console đèn LED đẹp\"></p><p class=\"ql-align-center\"><em>Kệ tủ console đèn LED đẹp</em></p><p class=\"ql-align-justify\">&nbsp;</p><h3 class=\"ql-align-justify\"><strong>10. Bàn console gỗ công nghiệp giá rẻ</strong></h3><p class=\"ql-align-justify\">Nếu bạn đang tìm kiếm một giải pháp tiết kiệm mà vẫn muốn sở hữu một mẫu sản phẩm đẹp và chất lượng, bàn console gỗ công nghiệp giá rẻ sẽ là lựa chọn hoàn hảo. Mẫu này không chỉ có giá thành hợp lý mà còn dễ dàng bảo quản, bền bỉ với thời gian. Sản phẩm thường được làm từ gỗ công nghiệp, đảm bảo tính thẩm mỹ độc đáo.</p><p class=\"ql-align-justify\">&nbsp;</p><p class=\"ql-align-center\"><img src=\"https://file.hstatic.net/200000065946/file/ban-go-cong-nghiep-gia-re_bd4dacada1064f6782704313ef5bab6a_grande.jpg\" alt=\"Bàn gỗ công nghiệp giá rẻ\"></p><p class=\"ql-align-center\"><em>Bàn gỗ công nghiệp giá rẻ</em></p><p class=\"ql-align-justify\">&nbsp;</p><p class=\"ql-align-justify\"><strong>Bàn console</strong>&nbsp;không chỉ là món nội thất mang tính thẩm mỹ cao mà còn là một giải pháp tiện dụng giúp tối ưu hóa không gian sống của bạn. Với sự đa dạng về kiểu dáng, chất liệu và phong cách, bạn hoàn toàn có thể chọn được chiếc bàn phù hợp. Và nếu bạn đang có nhu cầu mua sản phẩm đồ gỗ chất lượng, hãy ghé ngay&nbsp;<a href=\"https://moho.com.vn/\" rel=\"noopener noreferrer\" target=\"_blank\" style=\"color: rgb(41, 105, 128);\"><strong>Nội Thất MOHO</strong></a>&nbsp;để được tư vấn chi tiết nhé.</p><p class=\"ql-align-justify\">&nbsp;</p><p><br></p>', '2024-11-21 14:03:56', 3, 'Đã duyệt'),
(7, 'Xu hướng vách ngăn phòng khách đẹp, thiết kế hiện đại năm 2024', 'http://localhost:4000/uploads/file_1732197962554.webp', '<ul><li><a href=\"https://moho.com.vn/blogs/media/vach-ngan-phong-khach#\" rel=\"noopener noreferrer\" target=\"_blank\" style=\"color: rgb(67, 67, 67);\">&nbsp;Media</a></li></ul><p class=\"ql-align-justify\"><a href=\"https://moho.com.vn/blogs/noi-that-ung-dung/cach-bai-tri-ban-tho-gia-tien\" rel=\"noopener noreferrer\" target=\"_blank\" style=\"color: rgb(0, 0, 0);\">Vách ngăn phòng khách</a><span style=\"color: rgb(0, 0, 0);\">&nbsp;là một giải pháp sáng tạo giúp tối ưu hóa không gian sống. Trong năm 2024, xu hướng thiết kế vách ngăn đã có sự thay đổi từ mẫu mã đến vật liệu sử dụng. Với sự kết hợp hài hòa giữa tính năng và thẩm mỹ, chúng đã trở thành một phần không thể thiếu trong mỗi ngôi nhà hiện đại. Hãy cùng&nbsp;</span><a href=\"https://moho.com.vn/\" rel=\"noopener noreferrer\" target=\"_blank\" style=\"color: rgb(0, 0, 0);\">Nội Thất MOHO</a><span style=\"color: rgb(0, 0, 0);\">&nbsp;khám phá những loại vách ngăn đẹp và hiện đại nhất trong bài viết này!</span></p><h2 class=\"ql-align-justify\"><strong>Các loại vách ngăn phòng khách</strong></h2><p class=\"ql-align-justify\">Hiện nay, trên thị trường đang bán nhiều loại vách ngăn khác nhau, chẳng hạn như vách ngăn cố định, di động,... Dưới đây, là các loại phổ biến và hiện đại, đang là xu hướng trong năm 2024.</p><h3 class=\"ql-align-justify\"><strong>Vách ngăn cố định</strong></h3><p class=\"ql-align-justify\">Loại vách ngăn này là lựa chọn thích hợp dành cho những gia đình muốn tạo ra một không gian&nbsp;<a href=\"https://moho.com.vn/collections/phong-khach\" rel=\"noopener noreferrer\" target=\"_blank\" style=\"color: rgb(41, 105, 128);\"><strong>phòng khách</strong></a>&nbsp;riêng tư, ổn định. Chúng được làm từ những vật liệu có độ bền, chắc chắn như gỗ, thạch cao, gạch.&nbsp;Những loại này không chỉ tạo ra sự riêng biệt giữa khu vực tiếp khách và khu vực sinh hoạt mà còn mang lại sự sang trọng cho không gian.&nbsp;</p><p>&nbsp;</p><p class=\"ql-align-center\"><a href=\"https://moho.com.vn/blogs/media/vach-ngan-phong-khach\" rel=\"noopener noreferrer\" target=\"_blank\" style=\"color: rgb(67, 67, 67);\"><img src=\"https://file.hstatic.net/200000065946/file/vach-ngan-phong-khach-co-dinh_f1dc366e41f649f8923c805a178180b1_grande.jpg\" alt=\"Hình ảnh bài viết\"></a></p><p class=\"ql-align-center\"><em>Vách ngăn phòng khách cố định</em></p><p class=\"ql-align-center\">&nbsp;</p><h3 class=\"ql-align-justify\"><strong>Vách ngăn di động</strong></h3><p class=\"ql-align-justify\">Vách ngăn di động đúng như tên gọi của nó khi sở hữu tính linh hoạt, giúp bạn dễ dàng thay đổi bố cục phòng khách theo mong muốn của mình. Sản phẩm này có thể dễ dàng di chuyển hoặc gấp lại khi không cần thiết. Về vật liệu, chúng thường được làm từ nhựa, kim loại hoặc vải. Vách ngăn là giải pháp thông minh cho những không gian phòng khách nhỏ hoặc những ai thay đổi cuộc sống thường xuyên.</p><p>&nbsp;</p><p class=\"ql-align-center\"><a href=\"https://moho.com.vn/blogs/media/vach-ngan-phong-khach\" rel=\"noopener noreferrer\" target=\"_blank\" style=\"color: rgb(67, 67, 67);\"><img src=\"https://file.hstatic.net/200000065946/file/vach-ngan-di-dong-phong-khach_5ac58c2da4c24d6e815479a6913835d2_grande.jpg\" alt=\"Hình ảnh bài viết\"></a></p><p class=\"ql-align-center\"><em>Vách ngăn di động phòng khách</em></p><p class=\"ql-align-center\"><br></p><p>&nbsp;</p><h3 class=\"ql-align-justify\"><strong>Vách ngăn trang trí</strong></h3><p class=\"ql-align-justify\">Vách ngăn trang trí không chỉ chia không gian mà còn là điểm nhấn nghệ thuật.&nbsp;Sản phẩm này có thể được làm từ nhiều chất liệu khác nhau với đặc điểm hoa văn ấn tượng, như gỗ, kim loại, nhựa,...&nbsp;Với các thiết kế độc đáo, chúng có thể làm nổi bật phong cách cá nhân của bạn.&nbsp;</p><p class=\"ql-align-justify\">&nbsp;</p><p class=\"ql-align-center\"><a href=\"https://moho.com.vn/blogs/media/vach-ngan-phong-khach\" rel=\"noopener noreferrer\" target=\"_blank\" style=\"color: rgb(67, 67, 67);\"><img src=\"https://file.hstatic.net/200000065946/file/thiet-ke-vach-ngan-trang-tri_0970acbe66fd46ad8effef0daec79a07_grande.jpg\" alt=\"Hình ảnh bài viết\"></a></p><p class=\"ql-align-center\"><em>Thiết kế vách ngăn trang trí</em></p><p class=\"ql-align-center\"><br></p><p>&nbsp;</p><h2 class=\"ql-align-justify\"><strong>Các loại vật liệu bền đẹp làm vách ngăn cho phòng khách</strong></h2><p class=\"ql-align-justify\">Bạn đang tìm kiếm những loại vật liệu bền, đẹp để làm vách ngăn cho phòng khách nhưng chưa biết nên chọn cái nào? Dưới đây là các vật liệu đang là sự lựa chọn hàng đầu trong năm 2024 mà các gia đình có thể tham khảo.</p><h3 class=\"ql-align-justify\"><strong>Vách ngăn cho phòng khách bằng chất liệu thạch cao</strong></h3><p class=\"ql-align-justify\">Trong các kiểu vách ngăn cho phòng khách đẹp ngày nay thì phải kể đến những thiết kế được làm từ thạch cao. Chất liệu này nổi bật với đặc tính nhẹ, dễ dàng trong khâu lắp đặt và vận chuyển.&nbsp;</p><p class=\"ql-align-justify\">Ngoài ra, thạch cao còn sở hữu khả năng cách âm, chống cháy và có giá thành tương đối mềm. Bạn có thể phủ sơn lên bề mặt thạch cao để tạo nên tổng thể hài hòa với các nội thất khác trong nhà.</p><p class=\"ql-align-justify\">&nbsp;</p><p class=\"ql-align-center\"><a href=\"https://moho.com.vn/blogs/media/vach-ngan-phong-khach\" rel=\"noopener noreferrer\" target=\"_blank\" style=\"color: rgb(67, 67, 67);\"><img src=\"https://file.hstatic.net/200000065946/file/chon-vach-ngan-thach-cao_19246cc529f44027b4e2022ab0ff5781_grande.jpg\" alt=\"Hình ảnh bài viết\"></a></p><p class=\"ql-align-center\"><em>Chọn vách ngăn thạch cao</em></p><p class=\"ql-align-center\"><br></p><p>&nbsp;</p><h3 class=\"ql-align-justify\"><strong>Vách ngăn phòng khách bằng gỗ</strong></h3><p class=\"ql-align-justify\">Gỗ là vật liệu nội thất thân thiện với người dùng, mang đến sự ấm cúng và cảm giác tinh tế, sang trọng.&nbsp;Vách ngăn bằng gỗ&nbsp;không những đa dạng về mặt mẫu mã mà còn hạn chế sự cong vênh, không bị phai màu. Các sản phẩm được làm từ gỗ tự nhiên hoặc gỗ công nghiệp, phù hợp với nhiều phong cách nội thất.</p><p class=\"ql-align-justify\">&nbsp;</p><p class=\"ql-align-center\"><a href=\"https://moho.com.vn/blogs/media/vach-ngan-phong-khach\" rel=\"noopener noreferrer\" target=\"_blank\" style=\"color: rgb(67, 67, 67);\"><img src=\"https://file.hstatic.net/200000065946/file/mau-vach-ngan-bang-go-sang-trong_4a2f11ca0a5947fbb03d72dc36f915c1_grande.jpg\" alt=\"Hình ảnh bài viết\"></a></p><p class=\"ql-align-center\"><em>Mẫu vách ngăn bằng gỗ sang trọng</em></p><p>&nbsp;</p><h3 class=\"ql-align-justify\"><strong>Vách ngăn cho phòng khách làm bằng nhựa</strong></h3><p class=\"ql-align-justify\">Vách ngăn làm bằng nhựa đang được ưa chuộng ở trên thị trường, đặc biệt là những mẫu chất liệu nhựa PVC. Khi lắp đặt, chúng sẽ giúp cho không gian phòng khách thêm phần sang trọng, ấn tượng hơn. Loại này có nhiều ưu điểm nổi bật, chẳng hạn như tính thẩm mỹ cao, nhiều màu sắc, hoa văn sinh động,... Ngoài ra, vách ngăn nhựa có giá thành thấp và dễ bảo trì, phù hợp với nhiều phân khúc khách hàng.</p><p>&nbsp;</p><p class=\"ql-align-center\"><a href=\"https://moho.com.vn/blogs/media/vach-ngan-phong-khach\" rel=\"noopener noreferrer\" target=\"_blank\" style=\"color: rgb(67, 67, 67);\"><img src=\"https://file.hstatic.net/200000065946/file/vach-ngan-nhua-gia-re_e2f63154125545b0aedcb17aa2022d17_grande.jpg\" alt=\"Hình ảnh bài viết\"></a></p><p class=\"ql-align-center\"><em>Vách ngăn nhựa giá rẻ</em></p><p class=\"ql-align-center\">&nbsp;</p><h3 class=\"ql-align-justify\"><strong>Vách ngăn phòng khách bằng chất liệu bê tông</strong></h3><p class=\"ql-align-justify\">Vách ngăn bê tông là lựa chọn bền vững với những gia đình mong muốn sự chắc chắn. Thiết kế này có kết cấu vững chắc, chịu lực tốt và tuổi thọ cao. Đặc biệt, vách ngăn bê tông còn có thể cách nhiệt, cách âm tương đối tốt. Mặc dù, chất liệu này thường rất khô cứng, nhưng với kỹ thuật hiện đại của ngày nay thì chúng có thể đáp ứng tiêu chí thẩm mỹ của người dùng.</p><p>&nbsp;</p><p class=\"ql-align-center\"><a href=\"https://moho.com.vn/blogs/media/vach-ngan-phong-khach\" rel=\"noopener noreferrer\" target=\"_blank\" style=\"color: rgb(67, 67, 67);\"><img src=\"https://file.hstatic.net/200000065946/file/vach-ngan-phong-khach-be-tong_fc85d574e6bc4cd3b9fa8adabc45a00b_grande.jpg\" alt=\"Hình ảnh bài viết\"></a></p><p class=\"ql-align-center\"><em>Vách ngăn phòng khách bê tông</em></p><p class=\"ql-align-center\"><br></p><p>&nbsp;</p><h3 class=\"ql-align-justify\"><strong>Vách ngăn bằng kính</strong></h3><p class=\"ql-align-justify\">Đối với vách ngăn phòng khách bằng kính đang được nhiều khách hàng ưa chuộng khi sở hữu nét đẹp sang trọng, hiện đại.&nbsp;Loại này giúp tạo cảm giác thoáng đãng và rộng rãi cho phòng khách. Chúng cho phép ánh sáng tự nhiên tràn vào, làm cho không gian trở nên sáng sủa hơn.&nbsp;</p><p class=\"ql-align-justify\">Vách ngăn này được làm từ chất liệu kính cường lực cao cấp, đảm bảo độ bền và tính an toàn cho các gia chủ. Nếu như bạn muốn tăng thêm tính riêng tư thì có thể chọn những loại kính màu, hoặc kính mờ khi thi công.</p><p>&nbsp;</p><p class=\"ql-align-center\"><a href=\"https://moho.com.vn/blogs/media/vach-ngan-phong-khach\" rel=\"noopener noreferrer\" target=\"_blank\" style=\"color: rgb(67, 67, 67);\"><img src=\"https://file.hstatic.net/200000065946/file/vach-ngan-chat-lieu-kinh_bf2bd4e7d7da40e18267420e2b92dabb_grande.jpg\" alt=\"Hình ảnh bài viết\"></a></p><p class=\"ql-align-center\"><em>Vách ngăn chất liệu kính</em></p><p class=\"ql-align-center\">&nbsp;</p><h2 class=\"ql-align-justify\"><strong>Tổng hợp các kiểu vách ngăn phòng khách đẹp và hiện đại</strong></h2><p class=\"ql-align-justify\">Sau đây là những mẫu vách ngăn dành cho phòng khách được các gia chủ đánh giá đẹp và có độ bền tốt trong năm 2024. Bạn có thể tham khảo những thiết kế này để tạo nên một không gian hoàn hảo theo phong cách riêng.</p><p class=\"ql-align-center\">&nbsp;</p><p class=\"ql-align-center\"><a href=\"https://moho.com.vn/blogs/media/vach-ngan-phong-khach\" rel=\"noopener noreferrer\" target=\"_blank\" style=\"color: rgb(67, 67, 67);\"><img src=\"https://file.hstatic.net/200000065946/file/hon-vach-ngan-cnc-phong-khach-doc-dao_7b582c0bc3ab4fc6b9366cf0ecbbf25b_grande.jpg\" alt=\"Hình ảnh bài viết\"></a></p><p class=\"ql-align-center\"><em>Chọn vách ngăn CNC phòng khách độc đáo&nbsp;</em></p><p class=\"ql-align-center\">&nbsp;</p><p class=\"ql-align-center\"><a href=\"https://moho.com.vn/blogs/media/vach-ngan-phong-khach\" rel=\"noopener noreferrer\" target=\"_blank\" style=\"color: rgb(67, 67, 67);\"><img src=\"https://file.hstatic.net/200000065946/file/mau-vach-ngan-cho-phong-khach_703253aff6fe4249ab89c4139b7f7ac9_grande.jpg\" alt=\"Hình ảnh bài viết\"></a></p><p class=\"ql-align-center\"><em>Mẫu vách ngăn cho phòng khách</em></p><p class=\"ql-align-center\">&nbsp;</p><p class=\"ql-align-center\"><a href=\"https://moho.com.vn/blogs/media/vach-ngan-phong-khach\" rel=\"noopener noreferrer\" target=\"_blank\" style=\"color: rgb(67, 67, 67);\"><img src=\"https://file.hstatic.net/200000065946/file/vach-ngan-dep-sang-trong_57e9d0d65e784f59b18271b854ec9776_grande.jpg\" alt=\"Hình ảnh bài viết\"></a></p><p class=\"ql-align-center\"><em>Vách ngăn đẹp, sang trọng</em></p><p class=\"ql-align-center\">&nbsp;</p><p class=\"ql-align-center\"><a href=\"https://moho.com.vn/blogs/media/vach-ngan-phong-khach\" rel=\"noopener noreferrer\" target=\"_blank\" style=\"color: rgb(67, 67, 67);\"><img src=\"https://file.hstatic.net/200000065946/file/mau-vach-ngan-gia-re-hien-dai_200431fc8b9b47d0b80a67b82982162b_grande.jpg\" alt=\"Hình ảnh bài viết\"></a></p><p class=\"ql-align-center\"><em>Mẫu vách ngăn giá rẻ, hiện đại</em></p><p class=\"ql-align-center\"><br></p><p>&nbsp;</p><p class=\"ql-align-center\"><a href=\"https://moho.com.vn/blogs/media/vach-ngan-phong-khach\" rel=\"noopener noreferrer\" target=\"_blank\" style=\"color: rgb(67, 67, 67);\"><img src=\"https://file.hstatic.net/200000065946/file/vach-ngan-cho-phong-khach-rieng-tu_86a6d718fad646139350180b7e19039a_grande.jpg\" alt=\"Hình ảnh bài viết\"></a></p><p class=\"ql-align-center\"><em>Vách ngăn cho phòng khách riêng tư</em></p><h3>&nbsp;</h3><p class=\"ql-align-justify\">Tóm lại,&nbsp;<strong>vách ngăn phòng khách</strong>&nbsp;không chỉ là một phần của thiết kế nội thất mà còn là một giải pháp tuyệt vời cho không gian sống hiện đại. Với nhiều kiểu dáng và vật liệu khác nhau, bạn hoàn toàn có thể tìm được mẫu vách ngăn phù hợp với nhu cầu. Nếu quý khách muốn sở hữu một không gian nội thất đẹp, giá tốt thì đừng ngần ngại liên&nbsp;hệ với Nội Thất MOHO để được tư vấn nhé.</p><p><br></p>', '2024-11-21 14:06:06', 12, 'Đã duyệt');

--
-- Indexes for dumped tables
--

--
-- Indexes for table `danh_gia`
--
ALTER TABLE `danh_gia`
  ADD PRIMARY KEY (`id`),
  ADD KEY `product_id` (`product_id`);

--
-- Indexes for table `doanh_thu`
--
ALTER TABLE `doanh_thu`
  ADD PRIMARY KEY (`id`);

--
-- Indexes for table `favorites`
--
ALTER TABLE `favorites`
  ADD PRIMARY KEY (`id`),
  ADD KEY `user_email` (`user_email`),
  ADD KEY `product_id` (`product_id`);

--
-- Indexes for table `gio_hang`
--
ALTER TABLE `gio_hang`
  ADD PRIMARY KEY (`id`),
  ADD KEY `email` (`email`),
  ADD KEY `product_id` (`product_id`);

--
-- Indexes for table `kich_thuoc`
--
ALTER TABLE `kich_thuoc`
  ADD PRIMARY KEY (`id`);

--
-- Indexes for table `loai_phong`
--
ALTER TABLE `loai_phong`
  ADD PRIMARY KEY (`id`);

--
-- Indexes for table `loai_phong_san_pham`
--
ALTER TABLE `loai_phong_san_pham`
  ADD PRIMARY KEY (`id`),
  ADD KEY `loai_phong_id` (`loai_phong_id`),
  ADD KEY `loai_san_pham_id` (`loai_san_pham_id`);

--
-- Indexes for table `loai_san_pham`
--
ALTER TABLE `loai_san_pham`
  ADD PRIMARY KEY (`id`),
  ADD UNIQUE KEY `tenLoaiSP` (`tenLoaiSP`);

--
-- Indexes for table `mau_sac`
--
ALTER TABLE `mau_sac`
  ADD PRIMARY KEY (`id`);

--
-- Indexes for table `orders`
--
ALTER TABLE `orders`
  ADD PRIMARY KEY (`order_id`),
  ADD UNIQUE KEY `order_code` (`order_code`),
  ADD KEY `fk_email_user` (`user_email`);

--
-- Indexes for table `order_items`
--
ALTER TABLE `order_items`
  ADD PRIMARY KEY (`item_id`),
  ADD KEY `order_id` (`order_id`),
  ADD KEY `product_id` (`product_id`);

--
-- Indexes for table `promotions`
--
ALTER TABLE `promotions`
  ADD PRIMARY KEY (`id`),
  ADD UNIQUE KEY `code` (`code`);

--
-- Indexes for table `san_pham`
--
ALTER TABLE `san_pham`
  ADD PRIMARY KEY (`id`),
  ADD KEY `id_loaiSP` (`id_loaiSP`),
  ADD KEY `loai_phong_id` (`loai_phong_id`);

--
-- Indexes for table `san_pham_kich_thuoc`
--
ALTER TABLE `san_pham_kich_thuoc`
  ADD PRIMARY KEY (`san_pham_id`,`kich_thuoc_id`),
  ADD KEY `kich_thuoc_id` (`kich_thuoc_id`);

--
-- Indexes for table `san_pham_mau_sac`
--
ALTER TABLE `san_pham_mau_sac`
  ADD PRIMARY KEY (`san_pham_id`,`mau_sac_id`),
  ADD KEY `mau_sac_id` (`mau_sac_id`);

--
-- Indexes for table `tai_khoan`
--
ALTER TABLE `tai_khoan`
  ADD PRIMARY KEY (`id`) USING BTREE,
  ADD UNIQUE KEY `email` (`email`);

--
-- Indexes for table `tin_tuc`
--
ALTER TABLE `tin_tuc`
  ADD PRIMARY KEY (`id`);

--
-- AUTO_INCREMENT for dumped tables
--

--
-- AUTO_INCREMENT for table `danh_gia`
--
ALTER TABLE `danh_gia`
  MODIFY `id` int(11) NOT NULL AUTO_INCREMENT, AUTO_INCREMENT=7;

--
-- AUTO_INCREMENT for table `doanh_thu`
--
ALTER TABLE `doanh_thu`
  MODIFY `id` int(11) NOT NULL AUTO_INCREMENT, AUTO_INCREMENT=57;

--
-- AUTO_INCREMENT for table `favorites`
--
ALTER TABLE `favorites`
  MODIFY `id` int(11) NOT NULL AUTO_INCREMENT, AUTO_INCREMENT=20;

--
-- AUTO_INCREMENT for table `gio_hang`
--
ALTER TABLE `gio_hang`
  MODIFY `id` int(11) NOT NULL AUTO_INCREMENT, AUTO_INCREMENT=87;

--
-- AUTO_INCREMENT for table `kich_thuoc`
--
ALTER TABLE `kich_thuoc`
  MODIFY `id` int(11) NOT NULL AUTO_INCREMENT, AUTO_INCREMENT=19;

--
-- AUTO_INCREMENT for table `loai_phong`
--
ALTER TABLE `loai_phong`
  MODIFY `id` int(11) NOT NULL AUTO_INCREMENT, AUTO_INCREMENT=17;

--
-- AUTO_INCREMENT for table `loai_phong_san_pham`
--
ALTER TABLE `loai_phong_san_pham`
  MODIFY `id` int(11) NOT NULL AUTO_INCREMENT, AUTO_INCREMENT=18;

--
-- AUTO_INCREMENT for table `loai_san_pham`
--
ALTER TABLE `loai_san_pham`
  MODIFY `id` int(11) NOT NULL AUTO_INCREMENT, AUTO_INCREMENT=15;

--
-- AUTO_INCREMENT for table `mau_sac`
--
ALTER TABLE `mau_sac`
  MODIFY `id` int(11) NOT NULL AUTO_INCREMENT, AUTO_INCREMENT=10;

--
-- AUTO_INCREMENT for table `orders`
--
ALTER TABLE `orders`
  MODIFY `order_id` int(11) NOT NULL AUTO_INCREMENT, AUTO_INCREMENT=56;

--
-- AUTO_INCREMENT for table `order_items`
--
ALTER TABLE `order_items`
  MODIFY `item_id` int(11) NOT NULL AUTO_INCREMENT, AUTO_INCREMENT=62;

--
-- AUTO_INCREMENT for table `promotions`
--
ALTER TABLE `promotions`
  MODIFY `id` int(11) NOT NULL AUTO_INCREMENT, AUTO_INCREMENT=29;

--
-- AUTO_INCREMENT for table `san_pham`
--
ALTER TABLE `san_pham`
  MODIFY `id` int(11) NOT NULL AUTO_INCREMENT, AUTO_INCREMENT=36;

--
-- AUTO_INCREMENT for table `tai_khoan`
--
ALTER TABLE `tai_khoan`
  MODIFY `id` int(11) NOT NULL AUTO_INCREMENT, AUTO_INCREMENT=14;

--
-- AUTO_INCREMENT for table `tin_tuc`
--
ALTER TABLE `tin_tuc`
  MODIFY `id` int(11) NOT NULL AUTO_INCREMENT, AUTO_INCREMENT=8;

--
-- Constraints for dumped tables
--

--
-- Constraints for table `danh_gia`
--
ALTER TABLE `danh_gia`
  ADD CONSTRAINT `danh_gia_ibfk_1` FOREIGN KEY (`product_id`) REFERENCES `san_pham` (`id`) ON DELETE CASCADE;

--
-- Constraints for table `favorites`
--
ALTER TABLE `favorites`
  ADD CONSTRAINT `favorites_ibfk_1` FOREIGN KEY (`user_email`) REFERENCES `tai_khoan` (`email`),
  ADD CONSTRAINT `favorites_ibfk_2` FOREIGN KEY (`product_id`) REFERENCES `san_pham` (`id`);

--
-- Constraints for table `gio_hang`
--
ALTER TABLE `gio_hang`
  ADD CONSTRAINT `gio_hang_ibfk_1` FOREIGN KEY (`email`) REFERENCES `tai_khoan` (`email`) ON DELETE CASCADE,
  ADD CONSTRAINT `gio_hang_ibfk_2` FOREIGN KEY (`product_id`) REFERENCES `san_pham` (`id`) ON DELETE CASCADE;

--
-- Constraints for table `loai_phong_san_pham`
--
ALTER TABLE `loai_phong_san_pham`
  ADD CONSTRAINT `loai_phong_san_pham_ibfk_1` FOREIGN KEY (`loai_phong_id`) REFERENCES `loai_phong` (`id`) ON DELETE CASCADE,
  ADD CONSTRAINT `loai_phong_san_pham_ibfk_2` FOREIGN KEY (`loai_san_pham_id`) REFERENCES `loai_san_pham` (`id`) ON DELETE CASCADE;

--
-- Constraints for table `order_items`
--
ALTER TABLE `order_items`
  ADD CONSTRAINT `order_items_ibfk_1` FOREIGN KEY (`order_id`) REFERENCES `orders` (`order_id`) ON UPDATE CASCADE,
  ADD CONSTRAINT `order_items_ibfk_2` FOREIGN KEY (`product_id`) REFERENCES `san_pham` (`id`) ON UPDATE CASCADE;

--
-- Constraints for table `san_pham_kich_thuoc`
--
ALTER TABLE `san_pham_kich_thuoc`
  ADD CONSTRAINT `san_pham_kich_thuoc_ibfk_1` FOREIGN KEY (`kich_thuoc_id`) REFERENCES `kich_thuoc` (`id`) ON UPDATE CASCADE,
  ADD CONSTRAINT `san_pham_kich_thuoc_ibfk_2` FOREIGN KEY (`san_pham_id`) REFERENCES `san_pham` (`id`) ON UPDATE CASCADE;

--
-- Constraints for table `san_pham_mau_sac`
--
ALTER TABLE `san_pham_mau_sac`
  ADD CONSTRAINT `san_pham_mau_sac_ibfk_1` FOREIGN KEY (`mau_sac_id`) REFERENCES `mau_sac` (`id`) ON UPDATE CASCADE,
  ADD CONSTRAINT `san_pham_mau_sac_ibfk_2` FOREIGN KEY (`san_pham_id`) REFERENCES `san_pham` (`id`) ON UPDATE CASCADE;
COMMIT;

/*!40101 SET CHARACTER_SET_CLIENT=@OLD_CHARACTER_SET_CLIENT */;
/*!40101 SET CHARACTER_SET_RESULTS=@OLD_CHARACTER_SET_RESULTS */;
/*!40101 SET COLLATION_CONNECTION=@OLD_COLLATION_CONNECTION */;
